Date,Year,Quarter,Month,Week,ETHA,FETH,ETHW,CETH,ETHV,QETH,EZET,ETHE,ETH,DailyTotal,AllTimeTotal
2024-07-22,2024,3,7,30,10.60,4.40,2.50,2.30,10.20,1.10,2.70,9199.30,1022.50,10255.00,10255.00
2024-07-23,2024,3,7,30,266.50,71.30,204.00,7.50,7.60,5.50,13.20,-484.10,15.10,106.60,10361.60
2024-07-24,2024,3,7,30,17.40,74.50,29.60,0.00,19.80,2.50,3.90,-326.90,45.90,-133.30,10228.30
2024-07-25,2024,3,7,30,70.90,34.30,16.30,0.00,8.00,6.20,0.00,-346.20,58.10,-152.40,10075.90
2024-07-26,2024,3,7,30,87.20,39.30,16.00,0.00,0.00,0.00,6.20,-356.30,44.90,-162.70,9913.20
2024-07-29,2024,3,7,31,58.20,24.80,10.40,0.00,10.90,0.00,2.50,-210.00,4.90,-98.30,9814.90
2024-07-30,2024,3,7,31,118.00,16.40,3.50,0.00,0.00,0.00,3.70,-120.30,12.40,33.70,9848.60
2024-07-31,2024,3,7,31,5.00,18.80,4.70,3.30,4.80,0.00,0.00,-133.30,19.50,-77.20,9771.40
2024-08-01,2024,3,8,31,89.60,11.70,3.40,0.00,0.00,0.00,0.00,-78.00,0.00,26.70,9798.10
2024-08-02,2024,3,8,31,0.00,6.00,0.00,0.00,0.00,0.00,1.10,-61.40,0.00,-54.30,9743.80
2024-08-05,2024,3,8,32,47.10,16.20,7.20,0.00,16.60,0.00,0.90,-46.80,7.60,48.80,9792.60
2024-08-06,2024,3,8,32,109.90,22.50,0.00,0.00,0.00,0.00,1.00,-39.70,4.70,98.40,9891.00
2024-08-07,2024,3,8,32,0.00,4.70,1.70,0.00,0.00,0.00,1.80,-31.90,0.00,-23.70,9867.30
2024-08-08,2024,3,8,32,11.70,-2.60,2.80,0.00,0.00,0.00,0.00,-19.80,5.00,-2.90,9864.40
2024-08-09,2024,3,8,32,19.60,3.90,0.00,0.00,0.00,0.00,0.00,-41.70,2.40,-15.80,9848.60
2024-08-12,2024,3,8,33,0.00,4.00,2.90,0.00,-2.90,0.00,1.00,0.00,0.00,5.00,9853.60
2024-08-13,2024,3,8,33,49.10,5.40,0.00,0.00,0.00,0.80,0.00,-31.00,0.00,24.30,9877.90
2024-08-14,2024,3,8,33,16.10,6.60,2.70,0.00,0.00,0.00,0.00,-16.90,2.30,10.80,9888.70
2024-08-15,2024,3,8,33,0.80,2.50,0.00,0.00,0.00,0.00,0.00,-42.50,0.00,-39.20,9849.50
2024-08-16,2024,3,8,33,10.30,7.20,0.00,0.00,-4.80,0.00,0.00,-27.70,0.00,-15.00,9834.50
2024-08-19,2024,3,8,34,0.00,0.00,1.90,0.00,0.00,0.00,0.00,-20.30,4.90,-13.50,9821.00
2024-08-20,2024,3,8,34,26.80,0.00,3.70,0.00,0.00,0.00,0.00,-37.00,0.00,-6.50,9814.50
2024-08-21,2024,3,8,34,0.00,7.90,0.00,0.00,0.00,0.00,1.00,-31.10,4.20,-18.00,9796.50
2024-08-22,2024,3,8,34,0.00,14.30,0.00,0.00,1.00,0.00,0.00,-19.80,3.70,-0.80,9795.70
2024-08-23,2024,3,8,34,0.00,0.70,1.40,0.00,2.00,0.00,0.00,-9.80,0.00,-5.70,9790.00
2024-08-26,2024,3,8,35,0.00,-2.70,0.00,0.00,0.00,0.00,-1.00,-9.50,0.00,-13.20,9776.80
2024-08-27,2024,3,8,35,0.00,3.90,1.90,0.00,0.00,0.00,0.00,-9.20,0.00,-3.40,9773.40
2024-08-28,2024,3,8,35,8.40,1.30,0.00,0.00,0.00,0.00,0.00,-3.80,0.00,5.90,9779.30
2024-08-29,2024,3,8,35,0.00,0.00,0.00,0.00,0.00,0.00,0.00,-5.30,3.60,-1.70,9777.60
2024-08-30,2024,3,8,35,0.00,0.00,0.00,0.00,0.00,0.00,0.00,0.00,0.00,0.00,9777.60
2024-09-03,2024,3,9,36,0.00,4.90,0.00,0.00,0.00,0.00,0.00,-52.30,0.00,-47.40,9730.20
2024-09-04,2024,3,9,36,0.00,0.00,0.00,0.00,0.00,0.00,0.00,-40.60,3.10,-37.50,9692.70
2024-09-05,2024,3,9,36,0.00,0.00,0.00,0.00,0.00,0.00,0.00,-7.40,7.20,-0.20,9692.50
2024-09-06,2024,3,9,36,4.70,0.00,0.00,0.00,0.00,0.00,0.00,-10.70,0.00,-6.00,9686.50
2024-09-09,2024,3,9,37,0.00,7.60,1.80,0.00,0.00,0.00,0.00,-22.60,8.00,-5.20,9681.30
2024-09-10,2024,3,9,37,4.30,7.10,0.00,0.00,0.00,0.00,0.00,0.00,0.00,11.40,9692.70
2024-09-11,2024,3,9,37,0.00,1.20,0.00,0.00,-1.70,0.00,0.00,0.00,0.00,-0.50,9692.20
2024-09-12,2024,3,9,37,0.00,0.00,0.00,0.00,0.00,0.00,0.00,-20.10,0.00,-20.10,9672.10
2024-09-13,2024,3,9,37,3.70,0.00,5.20,0.00,0.00,0.00,0.00,-7.40,0.00,1.50,9673.60
2024-09-16,2024,3,9,38,4.20,0.00,-2.10,0.00,0.00,0.00,0.00,-13.80,2.30,-9.40,9664.20
2024-09-17,2024,3,9,38,0.00,0.00,0.00,0.00,0.00,0.00,0.00,-17.90,2.80,-15.10,9649.10
2024-09-18,2024,3,9,38,4.90,0.00,0.00,0.00,0.00,0.00,0.00,-14.70,0.00,-9.80,9639.30
2024-09-19,2024,3,9,38,5.20,0.00,0.00,0.00,0.00,0.00,0.00,0.00,0.00,5.20,9644.50
2024-09-20,2024,3,9,38,0.00,0.00,0.00,0.00,0.00,0.00,0.00,0.00,2.90,2.90,9647.40
2024-09-23,2024,3,9,39,0.00,0.00,1.30,0.00,0.00,0.00,0.00,-80.60,0.00,-79.30,9568.10
2024-09-24,2024,3,9,39,59.30,0.00,0.00,0.00,1.90,1.30,0.00,0.00,0.00,62.50,9630.60
2024-09-25,2024,3,9,39,9.40,6.40,0.00,0.80,0.00,0.00,0.00,0.00,26.60,43.20,9673.80
2024-09-26,2024,3,9,39,15.30,15.90,1.00,0.70,1.00,2.00,0.00,-36.00,0.00,-0.10,9673.70
2024-09-27,2024,3,9,39,11.50,42.50,5.40,1.40,2.00,4.30,0.00,-10.70,2.30,58.70,9732.40
2024-09-30,2024,3,9,40,11.00,0.00,0.00,0.00,0.00,0.00,0.00,-11.80,0.00,-0.80,9731.60
2024-10-01,2024,4,10,40,0.00,-25.00,-0.90,1.20,2.70,0.00,0.00,-26.60,0.00,-48.60,9683.00
2024-10-02,2024,4,10,40,18.00,0.00,0.00,0.00,0.00,0.00,1.80,-5.40,0.00,14.40,9697.40
2024-10-03,2024,4,10,40,12.10,-0.60,0.00,0.00,0.00,0.00,0.00,-14.70,0.00,-3.20,9694.20
2024-10-04,2024,4,10,40,14.70,0.00,0.90,0.00,0.00,0.00,0.00,-8.20,0.00,7.40,9701.60
2024-10-07,2024,4,10,41,0.00,0.00,0.00,0.00,0.00,0.00,0.00,0.00,0.00,0.00,9701.60
2024-10-08,2024,4,10,41,0.00,-3.60,-4.50,0.00,0.00,0.00,0.00,0.00,0.00,-8.10,9693.50
2024-10-09,2024,4,10,41,0.00,0.00,0.00,0.00,0.00,0.00,0.00,0.00,0.00,0.00,9693.50
2024-10-10,2024,4,10,41,17.80,-3.50,-4.20,0.00,0.00,0.00,0.00,-10.30,3.30,3.10,9696.60
2024-10-11,2024,4,10,41,0.00,8.60,0.00,0.00,0.00,0.00,0.00,-8.70,0.00,-0.10,9696.50
2024-10-14,2024,4,10,42,14.30,1.30,0.00,0.40,0.00,1.00,0.00,0.00,0.00,17.00,9713.50
2024-10-15,2024,4,10,42,0.00,2.60,0.00,0.00,0.00,0.00,0.00,-15.30,0.00,-12.70,9700.80
2024-10-16,2024,4,10,42,11.90,8.50,0.00,0.00,3.80,0.00,0.00,0.00,0.00,24.20,9725.00
2024-10-17,2024,4,10,42,23.60,31.10,1.50,2.30,0.00,0.50,0.00,-15.70,5.10,48.40,9773.40
2024-10-18,2024,4,10,42,0.00,0.00,1.90,0.00,0.00,0.00,0.00,0.00,0.00,1.90,9775.30
2024-10-21,2024,4,10,43,4.90,0.00,0.00,0.00,3.90,0.00,0.00,-29.60,0.00,-20.80,9754.50
2024-10-22,2024,4,10,43,11.90,0.00,0.00,0.00,0.00,0.00,0.00,0.00,0.00,11.90,9766.40
2024-10-23,2024,4,10,43,0.00,6.20,0.00,1.60,0.00,1.00,0.00,-7.60,0.00,1.20,9767.60
2024-10-24,2024,4,10,43,2.30,0.00,0.00,0.00,0.00,0.00,0.00,0.00,0.00,2.30,9769.90
2024-10-25,2024,4,10,43,0.00,0.00,0.00,0.00,0.00,0.00,0.00,-19.20,0.00,-19.20,9750.70
2024-10-28,2024,4,10,44,2.30,5.00,0.00,0.00,0.00,0.00,0.00,-8.40,0.00,-1.10,9749.60
2024-10-29,2024,4,10,44,13.60,0.00,0.00,0.00,0.00,0.00,0.00,-6.00,0.00,7.60,9757.20
2024-10-30,2024,4,10,44,0.00,5.30,-3.60,2.70,0.00,0.00,0.00,0.00,0.00,4.40,9761.60
2024-10-31,2024,4,10,44,49.60,0.00,0.00,0.00,0.00,0.00,0.00,-36.60,0.00,13.00,9774.60
2024-11-01,2024,4,11,44,0.00,0.00,0.00,0.00,0.00,0.50,0.00,-11.40,0.00,-10.90,9763.70
2024-11-04,2024,4,11,45,11.00,-31.50,0.00,0.00,0.00,0.00,0.00,-10.80,-31.90,-63.20,9700.50
2024-11-05,2024,4,11,45,0.00,0.00,0.00,0.00,0.00,0.00,0.00,0.00,0.00,0.00,9700.50
2024-11-06,2024,4,11,45,0.00,26.90,0.00,0.00,0.00,0.00,0.00,0.00,25.40,52.30,9752.80
2024-11-07,2024,4,11,45,23.70,28.90,6.60,0.00,12.70,2.30,0.00,0.00,5.50,79.70,9832.50
2024-11-08,2024,4,11,45,59.80,18.40,3.40,0.00,4.30,0.00,0.00,0.00,0.00,85.90,9918.40
2024-11-11,2024,4,11,46,101.10,115.50,15.60,0.00,0.00,0.00,0.00,0.00,63.30,295.50,10213.90
2024-11-12,2024,4,11,46,131.40,0.00,17.00,2.00,6.00,0.00,0.00,-33.20,12.70,135.90,10349.80
2024-11-13,2024,4,11,46,35.60,101.70,13.00,0.00,0.00,0.00,0.00,-5.60,2.20,146.90,10496.70
2024-11-14,2024,4,11,46,18.90,0.00,0.00,0.00,-1.10,0.90,0.00,-21.90,0.00,-3.20,10493.50
2024-11-15,2024,4,11,46,0.00,-18.40,0.00,0.00,-1.10,0.00,0.00,-40.30,0.00,-59.80,10433.70
2024-11-18,2024,4,11,47,-23.90,3.20,0.00,0.00,0.00,0.00,0.00,-13.30,-5.10,-39.10,10394.60
2024-11-19,2024,4,11,47,-14.20,-46.70,0.00,0.00,0.00,0.00,0.00,-20.40,0.00,-81.30,10313.30
2024-11-20,2024,4,11,47,16.70,-30.70,0.00,0.00,0.00,0.00,0.00,-16.30,0.00,-30.30,10283.00
2024-11-21,2024,4,11,47,0.00,16.80,2.90,0.00,2.50,0.00,0.00,-27.10,-4.10,-9.00,10274.00
2024-11-22,2024,4,11,47,99.70,5.80,5.00,0.00,0.00,0.00,0.00,-18.60,-0.60,91.30,10365.30
2024-11-25,2024,4,11,48,0.00,4.40,8.70,-1.20,2.60,0.00,0.00,-7.60,-4.00,2.90,10368.20
2024-11-26,2024,4,11,48,50.10,-1.70,0.00,-2.80,0.00,-1.20,0.00,-20.10,16.30,40.60,10408.80
2024-11-27,2024,4,11,48,0.00,38.00,1.60,0.00,13.20,0.00,0.00,0.00,37.30,90.10,10498.90
2024-11-29,2024,4,11,48,250.40,79.10,0.00,0.00,0.00,0.00,0.00,0.00,3.40,332.90,10831.80
2024-12-02,2024,4,12,49,55.90,19.90,0.00,0.00,0.00,-7.20,0.00,-44.40,0.00,24.20,10856.00
2024-12-03,2024,4,12,49,65.30,73.70,0.00,0.00,0.00,0.00,0.00,-6.40,0.00,132.60,10988.60
2024-12-04,2024,4,12,49,124.40,40.70,0.00,0.00,0.00,0.00,0.00,-6.20,8.80,167.70,11156.30
2024-12-05,2024,4,12,49,292.70,113.60,6.60,0.00,0.00,0.00,0.00,-15.10,30.70,428.50,11584.80
2024-12-06,2024,4,12,49,34.60,47.90,13.40,-6.90,1.50,0.00,0.00,-29.60,22.90,83.80,11668.60
2024-12-09,2024,4,12,50,155.40,30.10,-13.00,-4.10,0.00,0.00,0.00,-27.40,8.80,149.80,11818.40
2024-12-10,2024,4,12,50,81.70,202.20,0.00,0.00,0.00,0.00,0.00,-4.00,25.80,305.70,12124.10
2024-12-11,2024,4,12,50,74.20,0.00,8.20,0.00,5.60,0.00,2.90,-2.30,13.40,102.00,12226.10
2024-12-12,2024,4,12,50,202.30,19.40,0.00,1.60,0.00,0.00,0.00,-22.80,73.20,273.70,12499.80
2024-12-13,2024,4,12,50,9.50,6.90,0.00,0.00,0.00,0.00,0.00,7.20,0.00,23.60,12523.40
2024-12-16,2024,4,12,51,30.70,4.10,8.70,0.00,0.00,0.00,0.00,0.00,7.60,51.10,12574.50
2024-12-17,2024,4,12,51,134.80,3.90,0.00,0.00,0.00,0.00,1.50,0.00,4.50,144.70,12719.20
2024-12-18,2024,4,12,51,81.90,0.00,-14.60,0.00,0.00,0.00,0.00,-49.20,-15.60,2.50,12721.70
2024-12-19,2024,4,12,51,0.00,5.10,-6.80,0.00,4.90,-2.40,0.00,-58.10,-3.20,-60.50,12661.20
2024-12-20,2024,4,12,51,-103.70,13.00,0.00,0.00,0.00,0.00,0.00,7.50,8.10,-75.10,12586.10
2024-12-23,2024,4,12,52,89.50,46.40,1.00,0.00,0.00,0.00,0.00,0.00,-6.10,130.80,12716.90
2024-12-24,2024,4,12,52,43.90,3.50,6.20,0.00,0.00,0.00,0.00,0.00,0.00,53.60,12770.50
2024-12-26,2024,4,12,52,28.20,83.00,0.00,0.00,0.00,0.00,0.00,0.00,6.00,117.20,12887.70
2024-12-27,2024,4,12,52,20.20,27.50,0.00,0.00,0.00,0.00,0.00,0.00,0.00,47.70,12935.40
2024-12-30,2024,4,12,53,0.00,-20.40,0.00,0.00,0.00,0.00,-3.90,-17.40,-13.80,-55.50,12879.90
2024-12-31,2024,4,12,53,0.00,31.80,0.00,0.00,0.00,0.00,0.00,-5.60,9.80,36.00,12915.90
2025-01-02,2025,1,1,1,0.00,0.00,-56.10,0.00,0.00,0.00,0.00,-21.40,0.00,-77.50,12838.40
2025-01-03,2025,1,1,1,33.90,27.10,0.00,0.00,0.00,0.00,0.00,-7.20,5.10,58.90,12897.30
2025-01-06,2025,1,1,2,124.10,4.60,0.00,0.00,0.00,0.00,0.00,0.00,0.00,128.70,13026.00
2025-01-07,2025,1,1,2,0.00,-67.60,0.00,0.00,0.00,0.00,0.00,-8.00,-11.20,-86.80,12939.20
2025-01-08,2025,1,1,2,0.00,-147.70,0.00,0.00,0.00,0.00,0.00,-8.30,-3.40,-159.40,12779.80
2025-01-10,2025,1,1,2,0.00,-65.40,-3.10,0.00,0.00,0.00,0.00,0.00,0.00,-68.50,12711.30
2025-01-13,2025,1,1,3,12.90,0.00,0.00,0.00,0.00,0.00,0.00,-14.50,-37.80,-39.40,12671.90
2025-01-14,2025,1,1,3,0.00,0.00,1.20,0.00,0.00,0.00,0.00,0.00,0.00,1.20,12673.10
2025-01-15,2025,1,1,3,19.80,29.30,0.00,0.00,2.50,0.00,0.00,0.00,8.10,59.70,12732.80
2025-01-16,2025,1,1,3,111.20,70.00,0.00,0.00,0.00,0.00,0.00,-18.70,4.10,166.60,12899.40
2025-01-17,2025,1,1,3,7.40,14.00,2.50,0.00,0.00,0.00,0.00,0.00,0.00,23.90,12923.30
2025-01-21,2025,1,1,4,56.30,3.30,3.10,0.00,3.60,0.00,0.00,-4.40,12.50,74.40,12997.70
2025-01-22,2025,1,1,4,79.10,9.00,0.00,0.00,0.00,0.00,0.00,-17.40,0.00,70.70,13068.40
2025-01-23,2025,1,1,4,0.00,7.30,-3.00,0.00,0.00,0.00,0.00,-22.30,3.10,-14.90,13053.50
2025-01-24,2025,1,1,4,0.00,0.00,6.00,1.20,0.00,2.00,0.00,0.00,0.00,9.20,13062.70
2025-01-27,2025,1,1,5,20.70,-68.50,-4.20,0.00,0.00,0.00,0.00,-84.20,0.00,-136.20,12926.50
2025-01-28,2025,1,1,5,0.00,0.00,0.00,0.00,0.00,0.00,0.00,0.00,0.00,0.00,12926.50
2025-01-29,2025,1,1,5,9.50,5.50,-4.00,0.00,0.00,0.00,0.00,-15.70,0.00,-4.70,12921.80
2025-01-30,2025,1,1,5,79.90,15.40,0.00,0.00,0.00,0.00,0.00,-40.30,12.80,67.80,12989.60
2025-01-31,2025,1,1,5,57.30,0.00,0.00,0.00,2.40,0.00,0.00,-31.90,0.00,27.80,13017.40
2025-02-03,2025,1,2,6,0.00,49.70,0.00,5.20,0.00,0.00,0.00,15.90,12.80,83.60,13101.00
2025-02-04,2025,1,2,6,276.20,27.50,4.10,0.00,0.00,0.00,0.00,0.00,0.00,307.80,13408.80
2025-02-05,2025,1,2,6,0.00,20.10,0.00,0.00,0.00,0.00,0.00,-7.20,5.20,18.10,13426.90
2025-02-06,2025,1,2,6,10.70,0.00,0.00,0.00,0.00,0.00,0.00,0.00,0.00,10.70,13437.60
2025-02-07,2025,1,2,6,0.00,0.00,0.00,0.00,0.00,0.00,0.00,0.00,0.00,0.00,13437.60
2025-02-10,2025,1,2,7,0.00,0.00,0.00,0.00,0.00,0.00,0.00,-22.50,0.00,-22.50,13415.10
2025-02-11,2025,1,2,7,12.60,0.00,0.00,0.00,0.00,0.00,0.00,0.00,0.00,12.60,13427.70
2025-02-12,2025,1,2,7,0.00,-10.70,0.00,0.00,0.00,0.00,0.00,-30.20,0.00,-40.90,13386.80
2025-02-13,2025,1,2,7,12.00,4.60,0.00,0.00,0.00,0.00,0.00,-3.80,0.00,12.80,13399.60
2025-02-14,2025,1,2,7,0.00,11.70,0.00,0.00,0.00,0.00,0.00,0.00,0.00,11.70,13411.30
2025-02-18,2025,1,2,8,0.00,4.60,0.00,0.00,0.00,0.00,0.00,0.00,0.00,4.60,13415.90
2025-02-19,2025,1,2,8,0.00,24.50,0.00,0.00,0.00,0.00,0.00,-5.50,0.00,19.00,13434.90
2025-02-20,2025,1,2,8,0.00,-2.80,0.00,0.00,0.00,0.00,0.00,-10.30,0.00,-13.10,13421.80
2025-02-21,2025,1,2,8,0.00,0.00,-8.90,0.00,0.00,0.00,0.00,0.00,0.00,-8.90,13412.90
2025-02-24,2025,1,2,9,-48.20,0.00,-9.70,0.00,0.00,0.00,0.00,-15.40,-4.70,-78.00,13334.90
2025-02-25,2025,1,2,9,0.00,-12.50,-8.20,0.00,0.00,0.00,0.00,-27.10,-2.30,-50.10,13284.80
2025-02-26,2025,1,2,9,-69.80,-18.40,-2.80,0.00,0.00,0.00,0.00,-3.30,0.00,-94.30,13190.50
2025-02-27,2025,1,2,9,-26.10,-25.50,0.00,0.00,0.00,0.00,0.00,-19.60,0.00,-71.20,13119.30
2025-02-28,2025,1,2,9,-30.20,0.00,0.00,0.00,0.00,0.00,0.00,-11.70,0.00,-41.90,13077.40
2025-03-03,2025,1,3,10,-16.10,0.00,4.00,0.00,0.00,0.00,0.00,0.00,0.00,-12.10,13065.30
2025-03-04,2025,1,3,10,-26.30,21.70,0.00,0.00,0.00,0.00,0.00,10.70,8.50,14.60,13079.90
2025-03-05,2025,1,3,10,0.00,0.00,0.00,0.00,0.00,0.00,0.00,-63.30,0.00,-63.30,13016.60
2025-03-06,2025,1,3,10,-10.00,0.00,0.00,0.00,0.00,0.00,0.00,0.00,0.00,-10.00,13006.60
2025-03-07,2025,1,3,10,-11.20,-11.90,0.00,0.00,0.00,0.00,0.00,0.00,0.00,-23.10,12983.50
2025-03-10,2025,1,3,11,0.00,-23.70,-1.60,-3.50,0.00,0.00,0.00,-4.80,-3.90,-37.50,12946.00
2025-03-11,2025,1,3,11,-11.80,-9.80,0.00,0.00,0.00,0.00,0.00,0.00,0.00,-21.60,12924.40
2025-03-12,2025,1,3,11,0.00,-3.70,0.00,-1.70,0.00,0.00,-1.40,0.00,-3.50,-10.30,12914.10
2025-03-13,2025,1,3,11,-15.10,-12.50,0.00,-0.50,1.40,0.00,0.00,-41.70,-5.20,-73.60,12840.50
2025-03-14,2025,1,3,11,-36.40,-11.60,0.00,0.00,0.00,1.10,0.00,0.00,0.00,-46.90,12793.60
2025-03-17,2025,1,3,12,0.00,0.00,0.00,0.00,0.00,0.00,0.00,-7.30,0.00,-7.30,12786.30
2025-03-18,2025,1,3,12,-40.20,-3.30,0.00,0.00,0.00,0.00,0.00,0.00,-9.30,-52.80,12733.50
2025-03-19,2025,1,3,12,-12.90,-2.00,0.00,0.70,0.00,0.00,0.00,10.20,-7.70,-11.70,12721.80
2025-03-20,2025,1,3,12,-9.00,-3.50,0.00,0.00,0.00,0.00,0.00,0.00,0.00,-12.50,12709.30
2025-03-21,2025,1,3,12,-11.90,0.00,0.00,0.00,0.00,0.00,0.00,0.00,-6.70,-18.60,12690.70
2025-03-24,2025,1,3,13,0.00,0.00,0.00,0.00,0.00,0.00,0.00,0.00,0.00,0.00,12690.70
2025-03-25,2025,1,3,13,0.00,0.00,0.00,0.00,0.00,-1.50,0.00,0.00,-1.80,-3.30,12687.40
2025-03-26,2025,1,3,13,0.00,-1.00,0.00,0.00,0.00,0.00,0.00,0.00,-4.90,-5.90,12681.50
2025-03-27,2025,1,3,13,0.00,-2.00,0.00,0.00,-2.20,0.00,0.00,0.00,0.00,-4.20,12677.30
2025-03-28,2025,1,3,13,0.00,0.00,0.00,0.00,0.00,0.00,0.00,4.70,0.00,4.70,12682.00
2025-03-31,2025,1,3,14,0.00,6.40,0.00,0.00,0.00,0.00,0.00,0.00,0.00,6.40,12688.40
2025-04-01,2025,2,4,14,0.00,0.00,-2.60,1.70,0.00,0.00,0.00,0.00,-2.70,-3.60,12684.80
2025-04-02,2025,2,4,14,-20.20,0.00,0.00,0.00,0.00,0.00,0.00,-31.10,0.00,-51.30,12633.50
2025-04-03,2025,2,4,14,0.00,0.00,-3.60,0.00,0.00,0.00,0.00,0.00,0.00,-3.60,12629.90
2025-04-04,2025,2,4,14,0.00,0.00,0.00,0.00,0.00,0.00,2.10,0.00,0.00,2.10,12632.00
2025-04-07,2025,2,4,15,0.00,0.00,0.00,0.00,0.00,0.00,0.00,0.00,0.00,0.00,12632.00
2025-04-08,2025,2,4,15,0.00,-3.30,0.00,0.00,0.00,0.00,0.00,0.00,0.00,-3.30,12628.70
2025-04-09,2025,2,4,15,-5.50,-5.70,0.00,0.00,0.00,0.00,0.00,0.00,0.00,-11.20,12617.50
2025-04-10,2025,2,4,15,6.40,-36.00,-2.50,0.00,-4.40,0.00,0.00,-2.30,0.00,-38.80,12578.70
2025-04-11,2025,2,4,15,0.00,0.00,-3.10,0.00,0.00,0.00,0.00,-26.10,0.00,-29.20,12549.50
2025-04-14,2025,2,4,16,0.00,-7.80,0.00,1.80,0.00,0.00,0.00,0.00,0.00,-6.00,12543.50
2025-04-15,2025,2,4,16,0.00,-3.60,0.00,0.00,0.00,0.00,0.00,-10.60,0.00,-14.20,12529.30
2025-04-16,2025,2,4,16,-4.30,0.00,0.00,0.00,0.00,0.00,-1.80,-8.20,2.20,-12.10,12517.20
2025-04-17,2025,2,4,16,0.00,0.00,0.00,0.00,0.00,0.00,0.00,0.00,0.00,0.00,12517.20
2025-04-21,2025,2,4,17,0.00,0.00,0.00,0.00,0.00,0.00,0.00,-25.40,0.00,-25.40,12491.80
2025-04-22,2025,2,4,17,0.00,32.70,6.10,0.00,0.00,0.00,0.00,0.00,0.00,38.80,12530.60
2025-04-23,2025,2,4,17,-30.30,0.00,0.00,0.00,0.00,0.00,0.00,0.00,6.40,-23.90,12506.70
2025-04-24,2025,2,4,17,40.00,0.00,5.10,4.10,2.60,0.00,0.00,-6.60,18.30,63.50,12570.20
2025-04-25,2025,2,4,17,54.40,35.90,1.80,0.00,0.00,1.80,0.00,0.00,10.20,104.10,12674.30
2025-04-28,2025,2,4,18,67.50,0.00,-3.40,0.00,0.00,0.00,0.00,0.00,0.00,64.10,12738.40
2025-04-29,2025,2,4,18,0.00,25.50,0.00,0.00,0.00,0.00,0.00,-7.10,0.00,18.40,12756.80
2025-04-30,2025,2,4,18,0.00,5.80,-1.00,0.00,0.00,0.00,0.00,-7.10,0.00,-2.30,12754.50
2025-05-01,2025,2,5,18,0.00,6.50,0.00,0.00,0.00,0.00,0.00,-12.00,12.00,6.50,12761.00
2025-05-02,2025,2,5,18,20.10,0.00,0.00,0.00,0.00,0.00,0.00,0.00,0.00,20.10,12781.10
2025-05-05,2025,2,5,19,0.00,0.00,0.00,0.00,0.00,0.00,0.00,0.00,0.00,0.00,12781.10
2025-05-06,2025,2,5,19,0.00,-17.90,0.00,0.00,0.00,0.00,0.00,0.00,0.00,-17.90,12763.20
2025-05-07,2025,2,5,19,-21.80,0.00,0.00,0.00,0.00,0.00,0.00,0.00,0.00,-21.80,12741.40
2025-05-08,2025,2,5,19,0.00,-19.30,0.00,0.00,0.00,0.00,0.00,0.00,3.20,-16.10,12725.30
2025-05-09,2025,2,5,19,17.60,0.00,0.00,0.00,0.00,0.00,0.00,0.00,0.00,17.60,12742.90
2025-05-12,2025,2,5,20,0.00,-8.00,0.00,0.00,0.00,0.00,0.00,-9.60,0.00,-17.60,12725.30
2025-05-13,2025,2,5,20,0.00,0.00,0.00,0.00,3.00,0.00,3.10,0.00,7.40,13.50,12738.80
2025-05-14,2025,2,5,20,57.60,5.90,0.00,0.00,0.00,0.00,0.00,0.00,0.00,63.50,12802.30
2025-05-15,2025,2,5,20,8.40,-31.60,0.00,0.00,0.00,0.00,0.00,-16.60,0.00,-39.80,12762.50
2025-05-16,2025,2,5,20,0.00,13.60,0.00,0.00,0.00,0.00,0.00,0.00,8.60,22.20,12784.70
2025-05-19,2025,2,5,21,13.70,0.00,0.00,0.00,0.00,0.00,0.00,0.00,0.00,13.70,12798.40
2025-05-20,2025,2,5,21,45.00,19.80,0.00,0.00,0.00,0.00,0.00,0.00,0.00,64.80,12863.20
2025-05-21,2025,2,5,21,24.90,-24.30,0.00,0.00,0.00,0.00,0.00,0.00,0.00,0.60,12863.80
2025-05-22,2025,2,5,21,0.00,42.20,5.70,0.00,0.00,0.00,0.00,43.70,18.90,110.50,12974.30
2025-05-23,2025,2,5,21,52.80,0.00,0.00,0.00,0.00,0.00,0.00,0.00,5.80,58.60,13032.90
2025-05-27,2025,2,5,22,32.50,3.40,0.00,0.00,2.90,0.00,0.00,0.00,0.00,38.80,13071.70
2025-05-28,2025,2,5,22,52.70,25.70,0.00,0.00,0.00,1.60,0.00,0.00,4.90,84.90,13156.60
2025-05-29,2025,2,5,22,50.40,38.30,4.60,0.00,0.00,0.00,0.00,-4.60,3.20,91.90,13248.50
2025-05-30,2025,2,5,22,70.20,0.00,0.00,0.00,0.00,0.00,0.00,0.00,0.00,70.20,13318.70
2025-06-02,2025,2,6,23,48.40,29.80,0.00,0.00,0.00,0.00,0.00,0.00,0.00,78.20,13396.90
2025-06-03,2025,2,6,23,77.10,21.00,0.00,0.00,0.00,0.00,3.00,0.00,8.40,109.50,13506.40
2025-06-04,2025,2,6,23,73.20,-23.60,0.00,0.00,0.00,0.00,0.00,0.00,7.40,57.00,13563.40
2025-06-05,2025,2,6,23,34.70,-23.40,0.00,0.00,0.00,0.00,0.00,0.00,0.00,11.30,13574.70
2025-06-06,2025,2,6,23,15.90,0.00,0.00,0.00,0.00,0.00,0.00,0.00,9.40,25.30,13600.00
2025-06-09,2025,2,6,24,35.20,12.90,0.00,0.00,0.00,0.00,0.00,0.00,4.60,52.70,13652.70
2025-06-10,2025,2,6,24,80.60,26.30,8.40,0.00,0.00,0.00,0.00,0.00,9.70,125.00,13777.70
2025-06-11,2025,2,6,24,163.60,37.30,6.50,0.00,0.00,0.00,0.00,13.30,19.60,240.30,14018.00
2025-06-12,2025,2,6,24,101.50,10.80,0.00,0.00,0.00,0.00,0.00,0.00,0.00,112.30,14130.30
2025-06-13,2025,2,6,24,0.00,-8.80,0.00,0.00,0.00,0.00,0.00,0.00,6.70,-2.10,14128.20
2025-06-16,2025,2,6,25,16.10,5.30,0.00,0.00,0.00,0.00,0.00,0.00,0.00,21.40,14149.60
2025-06-17,2025,2,6,25,36.70,-20.20,3.60,0.00,0.00,0.00,0.00,-9.00,0.00,11.10,14160.70
2025-06-18,2025,2,6,25,15.10,0.00,0.00,0.00,0.00,0.00,0.00,0.00,4.00,19.10,14179.80
2025-06-19,2025,2,6,25,0.00,0.00,0.00,0.00,0.00,0.00,0.00,0.00,0.00,0.00,14179.80
2025-06-20,2025,2,6,25,-19.70,0.00,0.00,0.00,1.80,0.00,0.00,0.00,6.60,-11.30,14168.50
2025-06-23,2025,2,6,26,25.80,60.50,0.00,0.00,0.00,0.00,0.00,9.00,5.40,100.70,14269.20
2025-06-24,2025,2,6,26,98.00,-26.70,0.00,0.00,0.00,0.00,0.00,0.00,0.00,71.30,14340.50
2025-06-25,2025,2,6,26,55.20,0.00,5.20,0.00,0.00,0.00,0.00,0.00,0.00,60.40,14400.90
2025-06-26,2025,2,6,26,5.90,4.90,2.60,0.00,0.00,0.00,0.00,-27.40,-12.40,-26.40,14374.50
2025-06-27,2025,2,6,26,48.10,28.90,0.00,0.50,0.00,0.00,0.00,0.00,0.00,77.50,14452.00
2025-06-30,2025,2,6,27,6.10,25.70,0.00,0.00,0.00,0.00,0.00,0.00,0.00,31.80,14483.80
2025-07-01,2025,3,7,27,54.80,-24.10,0.00,0.00,0.00,0.00,0.00,10.00,0.00,40.70,14524.50
2025-07-02,2025,3,7,27,-46.90,25.80,8.30,0.00,2.80,0.00,0.00,0.00,8.10,-1.90,14522.60
2025-07-03,2025,3,7,27,85.40,64.60,0.00,0.00,0.00,0.00,0.00,-5.40,3.90,148.50,14671.10
2025-07-07,2025,3,7,28,53.20,8.90,0.00,0.00,0.00,0.00,0.00,0.00,0.00,62.10,14733.20
2025-07-08,2025,3,7,28,25.30,-0.70,4.90,0.00,0.00,0.00,0.00,7.90,9.30,46.70,14779.90
2025-07-09,2025,3,7,28,158.60,29.50,0.00,0.00,0.00,0.00,5.20,0.00,18.00,211.30,14991.20
2025-07-10,2025,3,7,28,300.90,37.30,3.20,0.00,2.10,0.00,0.00,18.90,20.70,383.10,15374.30
2025-07-11,2025,3,7,28,137.10,12.00,8.60,5.10,6.60,0.00,0.00,10.00,25.50,204.90,15579.20
2025-07-14,2025,3,7,29,151.40,31.40,11.20,0.00,6.60,0.00,5.70,8.90,43.80,259.00,15838.20
2025-07-15,2025,3,7,29,171.50,12.20,0.00,0.00,0.00,0.00,0.00,0.00,8.60,192.30,16030.50
2025-07-16,2025,3,7,29,499.20,113.30,14.40,0.00,3.70,3.70,5.10,33.00,54.20,726.60,16757.10
2025-07-17,2025,3,7,29,546.70,17.20,4.40,3.80,0.00,0.00,0.00,0.00,29.90,602.00,17359.10
2025-07-18,2025,3,7,29,394.90,-45.40,13.00,0.00,2.60,0.00,0.00,-27.90,65.30,402.50,17761.60
2025-07-21,2025,3,7,30,102.00,126.90,13.10,-0.40,0.00,0.00,0.00,0.00,54.90,296.50,18058.10
2025-07-22,2025,3,7,30,426.20,35.00,0.00,0.00,0.00,0.00,0.00,0.00,72.60,533.80,18591.90
2025-07-23,2025,3,7,30,324.60,3.60,0.00,0.00,4.00,0.00,0.00,0.00,0.00,332.20,18924.10
2025-07-24,2025,3,7,30,0.00,210.10,11.50,0.00,0.00,0.00,2.80,-18.50,25.30,231.20,19155.30
2025-07-25,2025,3,7,30,440.10,7.30,10.00,0.00,0.00,0.00,0.00,-23.50,18.90,452.80,19608.10
2025-07-28,2025,3,7,31,132.00,-49.20,0.00,0.00,0.00,0.00,0.00,-17.60,0.00,65.20,19673.30
2025-07-29,2025,3,7,31,223.70,0.00,0.00,-5.10,0.00,0.00,0.00,0.00,0.00,218.60,19891.90
2025-07-30,2025,3,7,31,20.30,-22.30,0.00,0.00,0.00,0.00,0.00,7.80,0.00,5.80,19897.70
2025-07-31,2025,3,7,31,18.20,5.60,0.00,0.00,0.00,0.00,0.00,-6.80,0.00,17.00,19914.70
2025-08-01,2025,3,8,31,0.00,-6.20,-40.30,-1.90,-5.20,-8.40,-5.40,-37.20,-47.70,-152.30,19762.40
2025-08-04,2025,3,8,32,-375.00,-55.10,0.00,0.00,0.00,0.00,0.00,-7.00,-28.00,-465.10,19297.30
2025-08-05,2025,3,8,32,88.80,0.00,0.00,3.60,5.20,0.00,0.00,-10.90,-13.40,73.30,19370.60
2025-08-06,2025,3,8,32,33.40,0.00,0.00,0.40,0.00,0.00,0.00,10.00,-8.70,35.10,19405.70
2025-08-07,2025,3,8,32,103.50,31.80,24.80,0.00,7.00,3.90,5.80,10.90,34.60,222.30,19628.00
2025-08-08,2025,3,8,32,254.70,132.30,7.80,0.00,0.00,1.20,0.00,26.80,38.20,461.00,20089.00
2025-08-11,2025,3,8,33,639.80,276.90,4.30,3.90,9.40,0.00,4.90,13.00,66.60,1018.80,21107.80
2025-08-12,2025,3,8,33,318.70,144.90,0.00,1.80,4.90,0.00,0.00,9.30,44.30,523.90,21631.70
2025-08-13,2025,3,8,33,500.90,154.70,10.80,0.00,0.00,0.00,3.60,7.80,51.30,729.10,22360.80
2025-08-14,2025,3,8,33,519.70,56.90,0.00,0.00,0.00,2.30,0.00,0.00,60.70,639.60,23000.40
2025-08-15,2025,3,8,33,338.10,-272.20,-15.80,-4.40,0.00,0.00,0.00,-101.70,-3.30,-59.30,22941.10
2025-08-18,2025,3,8,34,-87.20,-78.40,-0.90,0.00,-4.80,0.00,-6.60,-18.70,0.00,-196.60,22744.50
2025-08-19,2025,3,8,34,-6.30,-156.30,-39.80,0.00,-3.00,-7.40,-6.30,-122.00,-88.50,-429.60,22314.90
2025-08-20,2025,3,8,34,-257.80,8.60,0.00,0.00,0.00,0.00,0.00,0.00,9.00,-240.20,22074.70
2025-08-21,2025,3,8,34,233.60,28.50,7.00,0.00,6.20,0.00,0.00,5.90,6.40,287.60,22362.30
2025-08-22,2025,3,8,34,109.40,117.90,36.30,0.00,0.00,0.00,5.50,45.90,22.70,337.70,22700.00
2025-08-25,2025,3,8,35,314.90,87.40,9.70,5.60,0.00,2.20,0.00,-29.20,53.30,443.90,23143.90
2025-08-26,2025,3,8,35,323.10,85.50,0.00,0.00,0.00,0.00,0.00,5.30,41.10,455.00,23598.90
2025-08-27,2025,3,8,35,262.60,20.50,0.00,2.30,3.30,0.00,0.00,5.70,15.10,309.50,23908.40
2025-08-28,2025,3,8,35,67.60,-33.50,-1.30,0.00,0.00,0.00,0.00,0.00,6.30,39.10,23947.50
2025-08-29,2025,3,8,35,0.00,-51.00,-23.70,0.00,0.00,0.00,0.00,-28.60,-61.30,-164.60,23782.90
2025-09-02,2025,3,9,36,0.00,-99.20,-24.20,-6.60,0.00,0.00,0.00,-5.30,0.00,-135.30,23647.60
2025-09-03,2025,3,9,36,-151.40,65.80,20.80,0.00,0.00,0.00,0.00,0.00,26.60,-38.20,23609.40
2025-09-04,2025,3,9,36,148.80,-216.70,-45.70,0.00,-17.20,-2.10,-1.60,-26.40,-6.40,-167.30,23442.10
2025-09-05,2025,3,9,36,-309.90,-37.80,0.00,-14.70,0.00,0.00,0.00,-51.80,-32.60,-446.80,22995.30
2025-09-08,2025,3,9,37,-192.70,75.20,0.00,0.00,0.00,0.00,0.00,9.50,11.30,-96.70,22898.60
2025-09-09,2025,3,9,37,44.20,0.00,0.00,0.00,0.00,0.00,0.00,0.00,0.00,44.20,22942.80
2025-09-10,2025,3,9,37,74.50,49.50,8.40,7.10,11.10,4.30,0.00,8.90,7.70,171.50,23114.30
2025-09-11,2025,3,9,37,-17.40,88.30,19.60,0.00,0.00,0.00,3.40,14.60,4.60,113.10,23227.40
2025-09-12,2025,3,9,37,165.60,168.20,16.60,6.90,6.80,0.00,0.00,23.80,17.60,405.50,23632.90
2025-09-15,2025,3,9,38,363.20,-13.50,0.00,0.00,0.00,0.00,0.00,10.00,0.00,359.70,23992.60
2025-09-16,2025,3,9,38,-20.30,-48.10,6.70,0.00,0.00,0.00,0.00,0.00,0.00,-61.70,23930.90
2025-09-17,2025,3,9,38,25.90,-29.20,-9.70,2.00,0.00,2.70,0.00,0.00,6.40,-1.90,23929.00
2025-09-18,2025,3,9,38,0.00,159.40,17.50,0.00,0.00,0.00,3.50,9.80,22.90,213.10,24142.10
2025-09-19,2025,3,9,38,144.30,-53.40,-7.00,-6.00,-8.20,-4.40,0.00,-6.20,-11.30,47.80,24189.90
2025-09-22,2025,3,9,39,-15.10,-33.10,-22.30,0.00,0.00,0.00,0.00,0.00,-5.50,-76.00,24113.90
2025-09-23,2025,3,9,39,0.00,-63.40,-23.90,0.00,0.00,0.00,0.00,-17.10,-36.40,-140.80,23973.10
2025-09-24,2025,3,9,39,-26.50,-33.30,-4.50,-6.20,0.00,0.00,0.00,-8.90,0.00,-79.40,23893.70
2025-09-25,2025,3,9,39,0.00,-158.10,-27.60,-2.40,-1.40,-2.30,-3.00,-30.30,-26.10,-251.20,23642.50
2025-09-26,2025,3,9,39,-199.90,-74.40,0.00,8.00,0.00,0.00,0.00,17.90,0.00,-248.40,23394.10
2025-09-29,2025,3,9,40,154.20,202.20,36.50,3.10,15.30,6.70,6.30,22.80,99.80,546.90,23941.00
2025-09-30,2025,3,9,40,127.50,0.00,0.00,0.00,0.00,0.00,0.00,0.00,0.00,127.50,24068.50
2025-10-01,2025,4,10,40,26.20,36.80,0.00,0.00,0.00,0.00,0.00,3.60,14.30,80.90,24149.40
2025-10-02,2025,4,10,40,177.10,60.70,46.50,2.70,3.30,0.00,0.00,4.10,12.70,307.10,24456.50
2025-10-03,2025,4,10,40,206.70,5.60,0.00,0.00,3.30,0.00,0.00,0.00,17.90,233.50,24690.00
2025-10-06,2025,4,10,41,92.60,23.50,27.00,0.00,5.20,0.00,0.00,14.80,18.70,181.80,24871.80
2025-10-07,2025,4,10,41,437.50,-25.70,0.00,3.60,0.00,0.00,0.00,0.00,5.50,420.90,25292.70
2025-10-08,2025,4,10,41,148.90,-63.10,0.00,0.00,0.00,0.00,0.00,-16.70,0.00,69.10,25361.80
2025-10-09,2025,4,10,41,39.30,-30.30,-8.10,-2.60,-4.80,-2.20,0.00,0.00,0.00,-8.70,25353.10
2025-10-10,2025,4,10,41,-80.20,-30.10,-21.60,0.00,0.00,0.00,0.00,-30.60,-12.40,-174.90,25178.20
2025-10-13,2025,4,10,42,-310.10,-19.10,-12.80,0.00,-9.30,0.00,-6.50,-21.00,-49.70,-428.50,24749.70
2025-10-14,2025,4,10,42,0.00,154.60,13.30,0.00,10.50,0.00,7.80,15.20,34.80,236.20,24985.90
2025-10-15,2025,4,10,42,164.30,1.00,12.30,-8.00,0.00,0.00,0.00,0.00,0.00,169.60,25155.50
2025-10-16,2025,4,10,42,46.90,-11.60,-15.80,0.00,0.00,0.00,-2.90,-69.00,-4.40,-56.80,25098.70
2025-10-17,2025,4,10,42,-146.10,-30.60,-20.60,0.00,-4.20,0.00,0.00,-26.10,-4.70,-232.30,24866.40
2025-10-20,2025,4,10,43,-117.90,-27.80,0.00,0.00,0.00,0.00,0.00,0.00,0.00,-145.70,24720.70
2025-10-21,2025,4,10,43,42.50,59.10,0.00,0.00,4.40,0.00,0.00,13.10,22.60,141.70,24862.40
2025-10-22,2025,4,10,43,110.70,-49.50,0.00,0.00,0.00,0.00,0.00,-33.50,-46.60,-18.90,24843.50
2025-10-23,2025,4,10,43,-23.40,-77.00,-8.80,0.00,-5.60,0.00,0.00,-5.70,-6.90,-127.40,24716.10
2025-10-24,2025,4,10,43,-101.00,0.00,0.00,0.00,0.00,0.00,0.00,0.00,7.40,-93.60,24622.50
2025-10-27,2025,4,10,44,72.50,11.50,22.60,0.00,4.60,0.00,0.00,6.90,15.80,133.90,24756.40
2025-10-28,2025,4,10,44,76.40,99.30,0.00,0.00,0.00,0.00,0.00,-2.70,73.00,246.00,25002.40
2025-10-29,2025,4,10,44,21.40,-69.50,0.00,0.00,-4.30,0.00,0.00,-12.80,-16.20,-81.40,24921.00
2025-10-30,2025,4,10,44,-118.00,-18.50,-31.10,-3.20,-2.70,-2.00,-4.20,0.00,-4.50,-184.20,24736.80
2025-10-31,2025,4,10,44,-38.60,-27.10,-6.70,0.00,0.00,0.00,0.00,-13.70,-12.10,-98.20,24638.60
2025-11-03,2025,4,11,45,-81.70,-25.10,-6.20,0.00,-2.60,0.00,0.00,-15.00,-5.10,-135.70,24502.90
2025-11-04,2025,4,11,45,-111.10,-19.90,0.00,0.00,0.00,0.00,0.00,-19.80,-68.60,-219.40,24283.50
2025-11-05,2025,4,11,45,-146.60,3.50,0.00,0.50,0.00,0.00,0.00,0.00,24.10,-118.50,24165.00
2025-11-06,2025,4,11,45,8.00,4.90,3.10,0.00,0.00,0.00,0.00,-3.50,0.00,12.50,24177.50
2025-11-07,2025,4,11,45,34.40,-72.20,0.00,0.00,0.00,2.60,0.00,0.00,-11.40,-46.60,24130.90
2025-11-10,2025,4,11,46,0.00,0.00,0.00,0.00,0.00,0.00,0.00,0.00,0.00,0.00,24130.90
2025-11-11,2025,4,11,46,-19.80,-3.40,-4.40,0.00,-3.80,0.00,0.00,0.00,-75.70,-107.10,24023.80
2025-11-12,2025,4,11,46,-91.00,-19.60,0.00,0.00,0.00,0.00,0.00,-49.30,-23.80,-183.70,23840.10
2025-11-13,2025,4,11,46,-137.30,-14.20,0.00,0.00,0.00,-4.40,0.00,-67.90,-35.80,-259.60,23580.50
2025-11-14,2025,4,11,46,-173.30,0.00,0.00,0.00,0.00,0.00,0.00,-4.60,0.00,-177.90,23402.60
2025-11-17,2025,4,11,47,-193.00,-3.00,0.00,0.00,0.00,0.00,0.00,2.50,10.80,-182.70,23219.90
2025-11-18,2025,4,11,47,-165.10,0.00,19.10,0.00,4.60,0.00,4.80,0.00,62.40,-74.20,23145.70
2025-11-19,2025,4,11,47,-24.60,0.00,0.00,0.00,0.00,2.90,0.00,-15.70,0.00,-37.40,23108.30
2025-11-20,2025,4,11,47,-122.60,-90.50,-11.20,0.00,-18.70,0.00,0.00,-18.60,0.00,-261.60,22846.70
2025-11-21,2025,4,11,47,-53.70,95.40,6.30,0.00,0.00,0.00,0.00,0.00,7.70,55.70,22902.40
2025-11-24,2025,4,11,48,92.60,-2.20,-4.30,0.70,0.00,0.00,0.00,0.00,9.80,96.60,22999.00
2025-11-25,2025,4,11,48,46.10,47.50,0.00,0.00,0.00,0.00,0.00,-23.30,8.30,78.60,23077.60
2025-11-26,2025,4,11,48,50.20,0.00,4.30,0.00,0.00,0.00,0.00,0.00,6.30,60.80,23138.40
2025-11-28,2025,4,11,48,68.30,0.00,0.00,0.00,0.00,0.00,0.00,8.30,0.00,76.60,23215.00
2025-12-01,2025,4,12,49,26.70,-31.60,0.00,0.00,-4.00,0.00,0.00,-49.80,-20.30,-79.00,23136.00
2025-12-02,2025,4,12,49,-88.70,50.70,0.00,0.00,0.00,0.00,0.00,0.00,28.10,-9.90,23126.10
2025-12-03,2025,4,12,49,53.00,34.40,4.50,0.00,0.00,0.00,0.00,27.60,20.70,140.20,23266.30
2025-12-04,2025,4,12,49,28.40,-17.90,0.00,0.00,0.00,0.00,0.00,-31.00,-21.00,-41.50,23224.80
2025-12-05,2025,4,12,49,-75.20,0.00,0.00,0.00,0.00,0.00,0.00,0.00,0.00,-75.20,23149.60
2025-12-08,2025,4,12,50,23.70,0.00,0.00,0.00,0.00,0.00,0.00,0.00,11.80,35.50,23185.10
2025-12-09,2025,4,12,50,35.30,51.50,17.90,1.70,14.60,0.00,0.00,11.50,45.20,177.70,23362.80
2025-12-10,2025,4,12,50,56.50,-6.80,0.00,0.00,0.00,0.00,0.00,0.00,7.90,57.60,23420.40
2025-12-11,2025,4,12,50,0.00,-3.20,0.00,2.10,0.00,0.00,0.00,-31.20,-10.00,-42.30,23378.10
2025-12-12,2025,4,12,50,23.20,-6.10,0.00,0.00,0.00,0.00,0.00,-14.40,-22.10,-19.40,23358.70
2025-12-15,2025,4,12,51,-139.10,-11.00,-13.00,0.00,-6.40,0.00,0.00,-35.10,-20.20,-224.80,23133.90
2025-12-16,2025,4,12,51,-221.30,-2.90,0.00,0.00,0.00,0.00,0.00,0.00,0.00,-224.20,22909.70
2025-12-17,2025,4,12,51,-19.60,-2.80,0.00,0.00,0.00,0.00,0.00,0.00,0.00,-22.40,22887.30
2025-12-18,2025,4,12,51,-102.20,0.00,0.00,0.00,0.00,0.00,0.00,2.70,2.90,-96.60,22790.70
2025-12-19,2025,4,12,51,-75.90,0.00,0.00,0.00,0.00,0.00,0.00,0.00,0.00,-75.90,22714.80
2025-12-22,2025,4,12,52,0.00,0.00,0.00,0.00,0.00,0.00,0.00,53.70,30.90,84.60,22799.40
2025-12-23,2025,4,12,52,-25.00,0.00,-14.00,0.00,0.00,0.00,-5.60,-50.90,0.00,-95.50,22703.90
2025-12-24,2025,4,12,52,-22.30,0.00,0.00,0.00,0.00,0.00,0.00,-33.80,3.30,-52.80,22651.10