Time,Open,High,Low,Close,Volume
1993.04.25 00:00,1.27600,1.28100,1.26830,1.27110,4003
1993.05.02 00:00,1.26950,1.27660,1.26580,1.26900,4765
1993.05.09 00:00,1.26800,1.27850,1.26600,1.27440,4045
1993.05.16 00:00,1.27380,1.27850,1.26300,1.26430,4575
1993.05.23 00:00,1.26350,1.27230,1.25890,1.27230,4525
1993.05.30 00:00,1.27150,1.28030,1.26900,1.27930,3575
1993.06.06 00:00,1.27880,1.28600,1.27550,1.28000,4885
1993.06.13 00:00,1.28000,1.28330,1.27350,1.27400,3895
1993.06.20 00:00,1.27340,1.28480,1.27230,1.28170,3025
1993.06.27 00:00,1.28210,1.29020,1.27900,1.28750,5145
1993.07.04 00:00,1.28710,1.28850,1.27630,1.27850,4545
1993.07.11 00:00,1.27800,1.28500,1.27550,1.27790,4695
1993.07.18 00:00,1.27700,1.28200,1.27300,1.28070,4035
1993.07.25 00:00,1.28020,1.28870,1.27950,1.28610,3365
1993.08.01 00:00,1.28500,1.29400,1.28300,1.29160,4995
1993.08.08 00:00,1.29100,1.31900,1.28900,1.31450,6465
1993.08.15 00:00,1.31450,1.32650,1.31050,1.31800,6065
1993.08.22 00:00,1.31680,1.32390,1.31050,1.32050,5415
1993.08.29 00:00,1.31830,1.33000,1.31700,1.32800,4895
1993.09.05 00:00,1.32780,1.32850,1.31200,1.31410,6095
1993.09.12 00:00,1.31410,1.32400,1.30700,1.31350,6235
1993.09.19 00:00,1.31300,1.32570,1.31250,1.32000,5835
1993.09.26 00:00,1.31930,1.33960,1.31930,1.33830,6535
1993.10.03 00:00,1.33810,1.34300,1.32900,1.33010,4845
1993.10.10 00:00,1.32900,1.33650,1.32250,1.33070,6225
1993.10.17 00:00,1.33070,1.33400,1.29800,1.30500,8145
1993.10.24 00:00,1.30450,1.32650,1.30000,1.32070,9725
1993.10.31 00:00,1.32020,1.32070,1.29000,1.29100,6385
1993.11.07 00:00,1.29120,1.31850,1.29120,1.31300,7765
1993.11.14 00:00,1.31250,1.33050,1.31000,1.32750,9225
1993.11.21 00:00,1.32700,1.33260,1.32300,1.32940,6105
1993.11.28 00:00,1.32850,1.33930,1.32600,1.32880,6085
1993.12.05 00:00,1.32810,1.33270,1.31950,1.32930,5545
1993.12.12 00:00,1.32850,1.34120,1.32670,1.34000,4555
1993.12.19 00:00,1.33950,1.34900,1.32050,1.32900,9675
1993.12.26 00:00,1.32650,1.33850,1.32120,1.32150,6425
1994.01.02 00:00,1.32700,1.33000,1.31050,1.31950,7995
1994.01.09 00:00,1.31800,1.32760,1.31350,1.32420,6575
1994.01.16 00:00,1.32400,1.32620,1.30750,1.31110,5735
1994.01.23 00:00,1.31120,1.32660,1.30850,1.32460,5375
1994.01.30 00:00,1.32440,1.34500,1.32100,1.34170,8125
1994.02.06 00:00,1.33740,1.34650,1.33740,1.34380,4465
1994.02.13 00:00,1.34300,1.35650,1.33470,1.33950,6265
1994.02.20 00:00,1.33850,1.35300,1.33350,1.34910,6175
1994.02.27 00:00,1.34750,1.36120,1.34600,1.35710,7425
1994.03.06 00:00,1.35750,1.36260,1.35120,1.36220,5205
1994.03.13 00:00,1.36150,1.37100,1.35830,1.36950,4775
1994.03.20 00:00,1.36700,1.37800,1.35900,1.37550,7325
1994.03.27 00:00,1.37550,1.39050,1.37150,1.38850,4525
1994.04.03 00:00,1.38650,1.39930,1.37800,1.38500,7395
1994.04.10 00:00,1.38390,1.39040,1.37200,1.38660,5865
1994.04.17 00:00,1.38610,1.39200,1.37540,1.37880,6545
1994.04.24 00:00,1.37830,1.38550,1.37000,1.38230,6455
1994.05.01 00:00,1.38180,1.38950,1.37850,1.38150,6295
1994.05.08 00:00,1.38110,1.38500,1.37480,1.37760,5565
1994.05.15 00:00,1.37690,1.38200,1.37100,1.37950,5205
1994.05.22 00:00,1.37920,1.38820,1.37500,1.38700,3985
1994.05.29 00:00,1.38600,1.38800,1.37550,1.37750,5135
1994.06.05 00:00,1.37730,1.37950,1.36550,1.37500,4525
1994.06.12 00:00,1.37440,1.39550,1.37430,1.39150,6885
1994.06.19 00:00,1.39070,1.39730,1.38250,1.39030,5895
1994.06.26 00:00,1.38990,1.39360,1.37800,1.38230,5995
1994.07.03 00:00,1.38150,1.39260,1.37850,1.38970,5835
1994.07.10 00:00,1.38900,1.39240,1.37560,1.37670,5455
1994.07.17 00:00,1.37700,1.38630,1.37500,1.37750,6615
1994.07.24 00:00,1.37720,1.39000,1.37600,1.38660,5465
1994.07.31 00:00,1.38560,1.39050,1.38300,1.38680,3955
1994.08.07 00:00,1.38630,1.38680,1.37100,1.38150,6135
1994.08.14 00:00,1.38070,1.38320,1.37300,1.37600,5135
1994.08.21 00:00,1.37500,1.37950,1.36730,1.37070,5275
1994.08.28 00:00,1.37000,1.37400,1.36400,1.36590,5665
1994.09.04 00:00,1.36600,1.37220,1.36300,1.36700,4705
1994.09.11 00:00,1.36730,1.37100,1.34650,1.35050,6695
1994.09.18 00:00,1.35000,1.35330,1.33980,1.34370,3925
1994.09.25 00:00,1.34340,1.35180,1.33950,1.34410,4425
1994.10.02 00:00,1.34320,1.35080,1.34200,1.34750,4395
1994.10.09 00:00,1.34670,1.35480,1.34200,1.35480,3485
1994.10.16 00:00,1.35350,1.35950,1.34980,1.35150,4405
1994.10.23 00:00,1.35120,1.35410,1.34600,1.35150,3295
1994.10.30 00:00,1.35130,1.36060,1.35100,1.35620,4285
1994.11.06 00:00,1.35580,1.36250,1.35150,1.35850,4575
1994.11.13 00:00,1.35730,1.36930,1.35400,1.36730,4085
1994.11.20 00:00,1.36650,1.37720,1.36500,1.37600,4325
1994.11.27 00:00,1.37550,1.38100,1.36940,1.37100,4635
1994.12.04 00:00,1.37000,1.38560,1.36990,1.38410,3055
1994.12.11 00:00,1.38300,1.39320,1.38300,1.39200,4425
1994.12.18 00:00,1.39130,1.40100,1.39000,1.39980,3485
1994.12.25 00:00,1.39860,1.40950,1.39810,1.40240,3165
1995.01.01 00:00,1.40130,1.40870,1.39500,1.40060,6145
1995.01.08 00:00,1.39990,1.42100,1.39850,1.41050,6495
1995.01.15 00:00,1.41050,1.42770,1.40750,1.42370,7525
1995.01.22 00:00,1.42200,1.42350,1.41000,1.41500,5545
1995.01.29 00:00,1.41360,1.42250,1.39910,1.40150,6585
1995.02.05 00:00,1.40050,1.40400,1.39300,1.40180,5465
1995.02.12 00:00,1.40080,1.41560,1.39700,1.40420,6305
1995.02.19 00:00,1.40370,1.40750,1.38920,1.39020,6645
1995.02.26 00:00,1.39000,1.40800,1.38550,1.40700,8335
1995.03.05 00:00,1.40600,1.42330,1.40350,1.40750,9725
1995.03.12 00:00,1.40680,1.42150,1.40600,1.41200,6625
1995.03.19 00:00,1.41150,1.41350,1.39950,1.40100,5925
1995.03.26 00:00,1.39800,1.40750,1.39500,1.39950,5945
1995.04.02 00:00,1.39900,1.40320,1.38680,1.39180,5625
1995.04.09 00:00,1.39000,1.39150,1.36750,1.37200,7315
1995.04.16 00:00,1.36850,1.37500,1.36400,1.37150,5235
1995.04.23 00:00,1.37190,1.37350,1.35500,1.35550,5235
1995.04.30 00:00,1.35500,1.36550,1.35180,1.35340,5285
1995.05.07 00:00,1.35300,1.36160,1.34900,1.35150,5605
1995.05.14 00:00,1.35100,1.36320,1.35100,1.35600,6145
1995.05.21 00:00,1.35600,1.37380,1.35600,1.37070,5915
1995.05.28 00:00,1.37150,1.37920,1.36700,1.37650,5265
1995.06.04 00:00,1.37700,1.38280,1.37150,1.37750,4145
1995.06.11 00:00,1.37700,1.38480,1.37380,1.38250,4755
1995.06.18 00:00,1.38170,1.38520,1.37200,1.37480,5675
1995.06.25 00:00,1.37450,1.37880,1.37060,1.37250,4065
1995.07.02 00:00,1.37160,1.37380,1.35800,1.35950,5365
1995.07.09 00:00,1.35850,1.36450,1.34700,1.35850,7365
1995.07.16 00:00,1.35750,1.36700,1.35450,1.36050,4585
1995.07.23 00:00,1.36000,1.36760,1.35470,1.36760,3585
1995.07.30 00:00,1.36670,1.37500,1.35420,1.35900,6715
1995.08.06 00:00,1.35830,1.36260,1.35200,1.36150,6445
1995.08.13 00:00,1.35970,1.36440,1.35480,1.35900,5395
1995.08.20 00:00,1.35830,1.36070,1.34320,1.34500,4415
1995.08.27 00:00,1.34410,1.34680,1.33400,1.34450,5665
1995.09.03 00:00,1.34380,1.34700,1.33380,1.33800,6245
1995.09.10 00:00,1.34030,1.37410,1.33950,1.36700,8395
1995.09.17 00:00,1.36570,1.36880,1.34800,1.35080,7165
1995.09.24 00:00,1.34950,1.35410,1.34090,1.34200,5885
1995.10.01 00:00,1.33900,1.34220,1.32700,1.33200,6615
1995.10.08 00:00,1.33120,1.34220,1.33100,1.33900,5715
1995.10.15 00:00,1.33910,1.35700,1.33450,1.35600,5455
1995.10.22 00:00,1.35550,1.37960,1.35410,1.36400,11435
1995.10.29 00:00,1.36200,1.37500,1.33300,1.34700,15325
1995.11.05 00:00,1.34620,1.35980,1.34530,1.35150,5815
1995.11.12 00:00,1.35100,1.35950,1.34700,1.35180,5515
1995.11.19 00:00,1.35170,1.35680,1.34670,1.35400,4355
1995.11.26 00:00,1.35300,1.36730,1.35100,1.36600,4495
1995.12.03 00:00,1.36470,1.37800,1.36300,1.37700,4015
1995.12.10 00:00,1.37530,1.38300,1.37170,1.37270,5145
1995.12.17 00:00,1.37230,1.38010,1.35830,1.36250,5965
1995.12.24 00:00,1.36200,1.36580,1.35700,1.36500,3555
1995.12.31 00:00,1.36250,1.36580,1.35100,1.35850,4764
1996.01.07 00:00,1.35540,1.36760,1.35540,1.36340,4425
1996.01.14 00:00,1.36370,1.37080,1.36120,1.36730,4335
1996.01.21 00:00,1.36280,1.38450,1.36280,1.38200,5025
1996.01.28 00:00,1.37750,1.38450,1.37100,1.37600,5535
1996.02.04 00:00,1.37350,1.37910,1.36490,1.37100,5165
1996.02.11 00:00,1.37240,1.38350,1.36920,1.38150,4015
1996.02.18 00:00,1.38010,1.38720,1.37300,1.37650,4945
1996.02.25 00:00,1.37480,1.37930,1.36630,1.37050,4665
1996.03.03 00:00,1.37050,1.37450,1.36480,1.36900,4845
1996.03.10 00:00,1.36620,1.37030,1.36150,1.36450,4475
1996.03.17 00:00,1.36370,1.36570,1.35530,1.36300,4325
1996.03.24 00:00,1.36090,1.36620,1.35580,1.36000,4865
1996.03.31 00:00,1.35680,1.35900,1.35300,1.35700,2705
1996.04.07 00:00,1.35450,1.36060,1.35330,1.35680,3695
1996.04.14 00:00,1.35530,1.36550,1.35430,1.36300,3665
1996.04.21 00:00,1.36070,1.36850,1.35520,1.36150,5175
1996.04.28 00:00,1.36040,1.36560,1.35720,1.36560,3075
1996.05.05 00:00,1.36520,1.37150,1.36320,1.37050,3705
1996.05.12 00:00,1.36950,1.37490,1.36350,1.36980,5055
1996.05.19 00:00,1.36900,1.37760,1.36810,1.37400,4375
1996.05.26 00:00,1.37500,1.37750,1.36700,1.36900,4025
1996.06.02 00:00,1.36870,1.37030,1.36310,1.36500,3385
1996.06.09 00:00,1.36400,1.37160,1.36200,1.36550,3475
1996.06.16 00:00,1.36430,1.37000,1.36350,1.36500,3005
1996.06.23 00:00,1.36370,1.36670,1.35650,1.36390,3845
1996.06.30 00:00,1.36350,1.37050,1.35750,1.36850,3775
1996.07.07 00:00,1.36790,1.37250,1.36650,1.36970,3495
1996.07.14 00:00,1.36760,1.37500,1.36450,1.36680,4575
1996.07.21 00:00,1.36530,1.37650,1.36500,1.37530,2835
1996.07.28 00:00,1.37260,1.37700,1.36880,1.37480,3675
1996.08.04 00:00,1.37390,1.37800,1.36850,1.37090,4165
1996.08.11 00:00,1.36930,1.37880,1.36820,1.37400,3575
1996.08.18 00:00,1.37300,1.37600,1.36750,1.37100,3315
1996.08.25 00:00,1.37000,1.37180,1.36450,1.36840,3015
1996.09.01 00:00,1.36820,1.37500,1.36730,1.37340,2785
1996.09.08 00:00,1.37250,1.37450,1.36830,1.36990,3645
1996.09.15 00:00,1.36980,1.37260,1.36650,1.36750,2405
1996.09.22 00:00,1.36600,1.36910,1.36250,1.36300,3485
1996.09.29 00:00,1.36230,1.36470,1.35300,1.35500,4455
1996.10.06 00:00,1.35460,1.35650,1.34830,1.35300,4315
1996.10.13 00:00,1.35220,1.35730,1.34710,1.34930,3765
1996.10.20 00:00,1.34850,1.35200,1.34230,1.34600,4815
1996.10.27 00:00,1.34550,1.34750,1.33320,1.33390,3865
1996.11.03 00:00,1.33360,1.33760,1.32600,1.33190,4835
1996.11.10 00:00,1.33100,1.34110,1.33100,1.33920,3285
1996.11.17 00:00,1.33810,1.34570,1.33700,1.34150,4145
1996.11.24 00:00,1.34110,1.35150,1.33900,1.35150,4025
1996.12.01 00:00,1.35100,1.36470,1.34600,1.35950,6075
1996.12.08 00:00,1.35900,1.36520,1.35340,1.36360,4655
1996.12.15 00:00,1.36320,1.37200,1.36140,1.36890,5265
1996.12.22 00:00,1.36810,1.37050,1.36300,1.36800,3265
1996.12.29 00:00,1.36780,1.37870,1.36630,1.37050,4004
1997.01.05 00:00,1.36950,1.37370,1.34580,1.34850,7305
1997.01.12 00:00,1.34850,1.35270,1.33680,1.34100,5645
1997.01.19 00:00,1.34040,1.35040,1.33380,1.34920,6185
1997.01.26 00:00,1.34880,1.35150,1.33800,1.34700,5475
1997.02.02 00:00,1.34700,1.35350,1.34030,1.35070,4845
1997.02.09 00:00,1.35170,1.35850,1.34850,1.34960,4055
1997.02.16 00:00,1.34840,1.36500,1.34830,1.36450,4725
1997.02.23 00:00,1.36420,1.37030,1.35700,1.36830,4775
1997.03.02 00:00,1.36820,1.37130,1.36270,1.36980,4645
1997.03.09 00:00,1.36920,1.37280,1.35950,1.36550,5075
1997.03.16 00:00,1.36500,1.38230,1.36310,1.37880,5715
1997.03.23 00:00,1.37870,1.38160,1.37110,1.38160,4345
1997.03.30 00:00,1.38060,1.39450,1.37920,1.39240,5875
1997.04.06 00:00,1.39150,1.39920,1.38280,1.39840,5415
1997.04.13 00:00,1.39800,1.40350,1.39300,1.39980,5035
1997.04.20 00:00,1.39930,1.40060,1.39040,1.39790,3905
1997.04.27 00:00,1.39740,1.40280,1.38000,1.38050,5335
1997.05.04 00:00,1.37820,1.39350,1.37450,1.39270,5665
1997.05.11 00:00,1.39120,1.39410,1.36310,1.37400,7275
1997.05.18 00:00,1.37270,1.37800,1.36060,1.37580,6085
1997.05.25 00:00,1.37500,1.38700,1.37400,1.37720,5605
1997.06.01 00:00,1.37620,1.38660,1.37110,1.38330,6435
1997.06.08 00:00,1.38340,1.38930,1.37690,1.38180,5025
1997.06.15 00:00,1.38090,1.39610,1.37660,1.38950,6905
1997.06.22 00:00,1.38910,1.39750,1.37630,1.38100,7125
1997.06.29 00:00,1.38030,1.38320,1.37080,1.37500,5995
1997.07.06 00:00,1.37420,1.38030,1.36800,1.37020,4985
1997.07.13 00:00,1.37010,1.37960,1.36580,1.37470,4815
1997.07.20 00:00,1.37380,1.38620,1.37120,1.38470,5625
1997.07.27 00:00,1.38420,1.38800,1.37650,1.38230,4505
1997.08.03 00:00,1.38100,1.39360,1.37800,1.39080,3955
1997.08.10 00:00,1.39050,1.39650,1.38650,1.39000,5525
1997.08.17 00:00,1.39020,1.39680,1.38500,1.39210,4805
1997.08.24 00:00,1.39060,1.39680,1.38650,1.38850,4425
1997.08.31 00:00,1.38830,1.39000,1.38020,1.38200,3935
1997.09.07 00:00,1.38120,1.39500,1.38000,1.39390,3545
1997.09.14 00:00,1.39250,1.39380,1.38630,1.38970,3825
1997.09.21 00:00,1.38850,1.39120,1.38190,1.38470,3615
1997.09.28 00:00,1.38450,1.38660,1.36890,1.37220,5195
1997.10.05 00:00,1.37190,1.38210,1.36870,1.37930,4915
1997.10.12 00:00,1.37800,1.39060,1.37760,1.38600,5135
1997.10.19 00:00,1.38600,1.39370,1.38350,1.39200,4475
1997.10.26 00:00,1.39200,1.41700,1.39170,1.40850,8475
1997.11.02 00:00,1.40780,1.41410,1.39600,1.40940,6675
1997.11.09 00:00,1.40910,1.41460,1.40290,1.41300,4285
1997.11.16 00:00,1.41250,1.42250,1.41100,1.41810,5145
1997.11.23 00:00,1.41730,1.42700,1.41450,1.42310,5355
1997.11.30 00:00,1.42290,1.42640,1.41610,1.42410,4435
1997.12.07 00:00,1.42350,1.42970,1.41230,1.42040,5675
1997.12.14 00:00,1.41970,1.43450,1.41800,1.43200,5265
1997.12.21 00:00,1.43190,1.44150,1.43130,1.43560,3555
1997.12.28 00:00,1.43550,1.44170,1.42240,1.42480,4324
1998.01.04 00:00,1.42470,1.43630,1.42080,1.43050,7095
1998.01.11 00:00,1.43010,1.43890,1.42850,1.43780,5835
1998.01.18 00:00,1.43700,1.45830,1.43400,1.45280,5735
1998.01.25 00:00,1.45290,1.46930,1.44530,1.45360,8785
1998.02.01 00:00,1.45320,1.45620,1.42620,1.43230,8295
1998.02.08 00:00,1.43210,1.44450,1.42600,1.44360,6015
1998.02.15 00:00,1.44300,1.44620,1.41590,1.41950,6355
1998.02.22 00:00,1.41990,1.42710,1.41700,1.42370,5085
1998.03.01 00:00,1.42350,1.42980,1.41550,1.41940,7505
1998.03.08 00:00,1.41850,1.41950,1.40410,1.41250,6395
1998.03.15 00:00,1.41110,1.42120,1.41010,1.41880,4955
1998.03.22 00:00,1.41820,1.42500,1.40830,1.41690,6875
1998.03.29 00:00,1.41730,1.42480,1.41440,1.41970,5455
1998.04.05 00:00,1.41910,1.42820,1.41500,1.42700,4255
1998.04.12 00:00,1.42590,1.44130,1.42400,1.42920,6365
1998.04.19 00:00,1.42860,1.43770,1.42590,1.43550,4465
1998.04.26 00:00,1.43370,1.44210,1.42890,1.43560,5155
1998.05.03 00:00,1.43300,1.44270,1.43200,1.43720,5175
1998.05.10 00:00,1.43530,1.45250,1.43000,1.45000,6445
1998.05.17 00:00,1.44840,1.45530,1.44490,1.45080,5905
1998.05.24 00:00,1.44890,1.45880,1.44780,1.45710,4495
1998.05.31 00:00,1.45650,1.46130,1.44900,1.45810,5135
1998.06.07 00:00,1.45790,1.47230,1.45590,1.46670,5395
1998.06.14 00:00,1.46710,1.47680,1.45970,1.47160,6635
1998.06.21 00:00,1.47200,1.47600,1.46380,1.46910,5885
1998.06.28 00:00,1.47010,1.47380,1.46020,1.46820,6235
1998.07.05 00:00,1.46840,1.48030,1.46750,1.47850,5205
1998.07.12 00:00,1.48000,1.49230,1.47620,1.48860,5225
1998.07.19 00:00,1.48800,1.50050,1.48560,1.49950,4375
1998.07.26 00:00,1.50000,1.51350,1.49660,1.51290,5855
1998.08.02 00:00,1.51250,1.53500,1.51080,1.52100,8615
1998.08.09 00:00,1.52080,1.52600,1.51100,1.51750,7885
1998.08.16 00:00,1.51640,1.54320,1.51600,1.54250,6895
1998.08.23 00:00,1.54200,1.58550,1.54000,1.56250,13495
1998.08.30 00:00,1.56250,1.57530,1.51980,1.52100,19105
1998.09.06 00:00,1.52100,1.52860,1.50820,1.51400,9895
1998.09.13 00:00,1.51450,1.53800,1.49850,1.52400,9895
1998.09.20 00:00,1.52410,1.53370,1.50600,1.51290,9965
1998.09.27 00:00,1.51310,1.55800,1.49900,1.54430,11925
1998.10.04 00:00,1.54440,1.56200,1.49800,1.54350,21235
1998.10.11 00:00,1.54300,1.55200,1.52850,1.54550,12805
1998.10.18 00:00,1.54450,1.55750,1.53540,1.54500,11125
1998.10.25 00:00,1.54330,1.55450,1.53540,1.54350,9715
1998.11.01 00:00,1.54380,1.54750,1.51640,1.53300,9705
1998.11.08 00:00,1.53320,1.55390,1.53070,1.54950,7465
1998.11.15 00:00,1.55100,1.55780,1.54200,1.54700,8325
1998.11.22 00:00,1.54600,1.55300,1.51670,1.53500,10785
1998.11.29 00:00,1.53280,1.54000,1.51900,1.53550,12535
1998.12.06 00:00,1.53340,1.54750,1.53200,1.54160,7115
1998.12.13 00:00,1.53950,1.54560,1.53550,1.54500,5365
1998.12.20 00:00,1.54460,1.55480,1.54460,1.55050,4155
1998.12.27 00:00,1.55000,1.55360,1.52950,1.53150,5554
1999.01.03 00:00,1.53230,1.53580,1.50170,1.51100,103004
1999.01.10 00:00,1.51200,1.54700,1.50390,1.52450,126501
1999.01.17 00:00,1.52560,1.53370,1.51030,1.51840,110804
1999.01.24 00:00,1.52010,1.52800,1.50670,1.51050,110740
1999.01.31 00:00,1.51110,1.51670,1.48220,1.49100,127133
1999.02.07 00:00,1.48930,1.49690,1.48550,1.49170,100207
1999.02.14 00:00,1.49270,1.50650,1.48500,1.48850,88239
1999.02.21 00:00,1.48670,1.51800,1.48660,1.51010,117112
1999.02.28 00:00,1.50900,1.53170,1.50580,1.51850,102858
1999.03.07 00:00,1.51920,1.52720,1.51150,1.52410,64556
1999.03.14 00:00,1.52330,1.53070,1.51450,1.51500,58031
1999.03.21 00:00,1.51550,1.51570,1.50200,1.51370,69895
1999.03.28 00:00,1.51350,1.51600,1.49520,1.49760,51429
1999.04.04 00:00,1.49600,1.50510,1.49420,1.50020,54090
1999.04.11 00:00,1.50010,1.50060,1.47820,1.47820,81789
1999.04.18 00:00,1.47860,1.49260,1.47430,1.47600,86079
1999.04.25 00:00,1.47530,1.48330,1.45420,1.45650,91621
1999.05.02 00:00,1.45660,1.46210,1.44490,1.45850,128075
1999.05.09 00:00,1.45830,1.46550,1.45000,1.46450,93248
1999.05.16 00:00,1.46520,1.47110,1.45620,1.46080,108246
1999.05.23 00:00,1.45970,1.47890,1.45300,1.47150,96310
1999.05.30 00:00,1.47170,1.48620,1.46860,1.47010,92068
1999.06.06 00:00,1.46970,1.47680,1.45680,1.46420,116539
1999.06.13 00:00,1.46120,1.46710,1.45420,1.46400,116166
1999.06.20 00:00,1.46370,1.47560,1.46150,1.46600,128199
1999.06.27 00:00,1.46570,1.48250,1.46130,1.46270,147565
1999.07.04 00:00,1.46400,1.47400,1.46240,1.47200,134844
1999.07.11 00:00,1.47220,1.48500,1.47130,1.48280,140944
1999.07.18 00:00,1.48270,1.51200,1.48180,1.50670,141667
1999.07.25 00:00,1.50750,1.51770,1.49850,1.50650,174114
1999.08.01 00:00,1.50610,1.51310,1.48700,1.50340,177418
1999.08.08 00:00,1.50330,1.50480,1.47580,1.47660,126246
1999.08.15 00:00,1.47750,1.49810,1.47570,1.49600,164946
1999.08.22 00:00,1.49620,1.50350,1.48810,1.48900,131229
1999.08.29 00:00,1.48860,1.49930,1.48420,1.49060,159378
1999.09.05 00:00,1.49100,1.49440,1.47200,1.47450,139862
1999.09.12 00:00,1.47560,1.47990,1.46760,1.47140,177672
1999.09.19 00:00,1.47120,1.48070,1.46670,1.47150,155318
1999.09.26 00:00,1.47270,1.47870,1.45960,1.47650,154944
1999.10.03 00:00,1.47490,1.47700,1.46340,1.47100,165978
1999.10.10 00:00,1.47150,1.49050,1.47000,1.48800,141802
1999.10.17 00:00,1.48860,1.49700,1.47450,1.47650,167531
1999.10.24 00:00,1.47690,1.47980,1.46780,1.47150,153346
1999.10.31 00:00,1.47060,1.47130,1.45490,1.46850,146655
1999.11.07 00:00,1.46600,1.47650,1.46050,1.46290,149114
1999.11.14 00:00,1.46230,1.47170,1.45980,1.46180,144192
1999.11.21 00:00,1.46220,1.47050,1.46000,1.46850,117607
1999.11.28 00:00,1.46770,1.48300,1.46750,1.47870,150437
1999.12.05 00:00,1.47960,1.48340,1.47170,1.47710,117356
1999.12.12 00:00,1.47760,1.48530,1.47380,1.47880,109867
1999.12.19 00:00,1.47730,1.48310,1.46710,1.46750,114282
1999.12.26 00:00,1.46760,1.46950,1.44270,1.44610,133989
2000.01.02 00:00,1.44630,1.46170,1.44070,1.45610,148339
2000.01.09 00:00,1.45640,1.45930,1.44520,1.44910,151642
2000.01.16 00:00,1.45030,1.45340,1.43750,1.44110,139774
2000.01.23 00:00,1.44030,1.45090,1.43200,1.44510,183382
2000.01.30 00:00,1.44540,1.45480,1.43540,1.43950,207109
2000.02.06 00:00,1.44050,1.45370,1.43660,1.45030,187713
2000.02.13 00:00,1.44930,1.45970,1.44720,1.44900,155507
2000.02.20 00:00,1.45060,1.46680,1.44730,1.44950,163204
2000.02.27 00:00,1.44900,1.45900,1.44340,1.45040,197150
2000.03.05 00:00,1.45080,1.46220,1.44870,1.45730,167828
2000.03.12 00:00,1.45710,1.47730,1.45650,1.46960,177959
2000.03.19 00:00,1.47040,1.47670,1.46150,1.46220,182894
2000.03.26 00:00,1.46260,1.46400,1.44850,1.44940,190290
2000.04.02 00:00,1.44940,1.45890,1.44700,1.45750,153181
2000.04.09 00:00,1.45760,1.47750,1.45640,1.47660,140826
2000.04.16 00:00,1.47650,1.48940,1.47120,1.47510,138235
2000.04.23 00:00,1.47410,1.48420,1.46650,1.48190,149484
2000.04.30 00:00,1.48060,1.50030,1.47540,1.49020,149798
2000.05.07 00:00,1.49120,1.49830,1.48520,1.48600,146725
2000.05.14 00:00,1.48630,1.50720,1.48400,1.49670,150279
2000.05.21 00:00,1.49690,1.51450,1.49420,1.50250,187096
2000.05.28 00:00,1.50280,1.50740,1.47550,1.47640,149359
2000.06.04 00:00,1.47700,1.48160,1.47050,1.47530,160162
2000.06.11 00:00,1.47450,1.47800,1.46540,1.46670,166295
2000.06.18 00:00,1.46710,1.48370,1.46220,1.48210,154077
2000.06.25 00:00,1.48240,1.49010,1.47520,1.47940,175784
2000.07.02 00:00,1.48010,1.49230,1.47830,1.48010,170562
2000.07.09 00:00,1.48100,1.48600,1.47600,1.48410,153612
2000.07.16 00:00,1.48430,1.48570,1.46960,1.46960,156210
2000.07.23 00:00,1.47120,1.47890,1.46290,1.47820,150652
2000.07.30 00:00,1.47770,1.49100,1.47730,1.48870,158426
2000.08.06 00:00,1.48890,1.49470,1.47940,1.48380,142429
2000.08.13 00:00,1.48350,1.48910,1.47120,1.47650,170669
2000.08.20 00:00,1.47620,1.48850,1.47220,1.48360,169038
2000.08.27 00:00,1.48370,1.48850,1.46850,1.47300,130727
2000.09.03 00:00,1.47370,1.48510,1.47160,1.47670,140168
2000.09.10 00:00,1.47690,1.49370,1.47570,1.48220,139212
2000.09.17 00:00,1.48290,1.49250,1.47960,1.48800,134847
2000.09.24 00:00,1.48810,1.50810,1.48420,1.50250,167755
2000.10.01 00:00,1.50340,1.51150,1.49200,1.50350,162803
2000.10.08 00:00,1.50300,1.52070,1.49840,1.50650,164660
2000.10.15 00:00,1.50720,1.52380,1.50650,1.51140,235478
2000.10.22 00:00,1.51170,1.52970,1.50720,1.52920,242344
2000.10.29 00:00,1.52950,1.53930,1.52040,1.53280,281965
2000.11.05 00:00,1.53200,1.55030,1.52830,1.54290,215404
2000.11.12 00:00,1.54300,1.56290,1.54150,1.55650,210561
2000.11.19 00:00,1.55680,1.56100,1.53720,1.53840,250229
2000.11.26 00:00,1.53890,1.54770,1.52820,1.54670,300373
2000.12.03 00:00,1.54650,1.55450,1.51310,1.51510,309678
2000.12.10 00:00,1.51870,1.52980,1.51260,1.52000,239408
2000.12.17 00:00,1.52040,1.52880,1.51470,1.51670,257423
2000.12.24 00:00,1.51740,1.51950,1.49440,1.49950,172205
2000.12.31 00:00,1.49950,1.50500,1.48980,1.49840,208054
2001.01.07 00:00,1.49800,1.50330,1.49220,1.50050,207989
2001.01.14 00:00,1.50030,1.51720,1.49850,1.51100,191101
2001.01.21 00:00,1.51110,1.51650,1.50020,1.50530,183792
2001.01.28 00:00,1.50620,1.50620,1.48990,1.49660,182795
2001.02.04 00:00,1.49690,1.51470,1.49590,1.51100,208189
2001.02.11 00:00,1.51080,1.54130,1.51000,1.53920,212002
2001.02.18 00:00,1.53900,1.54350,1.53280,1.53680,193097
2001.02.25 00:00,1.53700,1.54970,1.52460,1.54450,226565
2001.03.04 00:00,1.54430,1.55230,1.53660,1.54720,240279
2001.03.11 00:00,1.54590,1.56950,1.54140,1.56850,345958
2001.03.18 00:00,1.56830,1.57730,1.55800,1.56440,271815
2001.03.25 00:00,1.56430,1.57950,1.55320,1.57560,296256
2001.04.01 00:00,1.57660,1.58270,1.56050,1.56470,303281
2001.04.08 00:00,1.56370,1.56600,1.55370,1.56130,215164
2001.04.15 00:00,1.56280,1.57430,1.54190,1.54370,262642
2001.04.22 00:00,1.54500,1.55250,1.53920,1.54260,287633
2001.04.29 00:00,1.54250,1.54430,1.52700,1.53530,222331
2001.05.06 00:00,1.53570,1.55230,1.53220,1.55100,201879
2001.05.13 00:00,1.55030,1.55630,1.53140,1.53330,236316
2001.05.20 00:00,1.53200,1.55390,1.53120,1.54560,225799
2001.05.27 00:00,1.54470,1.55130,1.52920,1.53640,246122
2001.06.03 00:00,1.53530,1.53880,1.51720,1.51850,177175
2001.06.10 00:00,1.51900,1.52980,1.51410,1.52410,178835
2001.06.17 00:00,1.52420,1.53790,1.52170,1.52260,194930
2001.06.24 00:00,1.52250,1.52550,1.51000,1.51560,235649
2001.07.01 00:00,1.51410,1.52360,1.50690,1.52270,165804
2001.07.08 00:00,1.52300,1.54150,1.51710,1.53650,319787
2001.07.15 00:00,1.53660,1.54750,1.53230,1.54330,337839
2001.07.22 00:00,1.54280,1.54700,1.52910,1.53130,290896
2001.07.29 00:00,1.53230,1.54170,1.52510,1.52880,272023
2001.08.05 00:00,1.52910,1.54380,1.52310,1.53920,236226
2001.08.12 00:00,1.53930,1.54460,1.52500,1.54270,242788
2001.08.19 00:00,1.54290,1.55060,1.53730,1.53930,207045
2001.08.26 00:00,1.53950,1.55200,1.53760,1.55120,224621
2001.09.02 00:00,1.54950,1.56850,1.54570,1.56560,226099
2001.09.09 00:00,1.56570,1.57270,1.55670,1.56430,289042
2001.09.16 00:00,1.56360,1.57420,1.56230,1.57130,287910
2001.09.23 00:00,1.57120,1.58120,1.56570,1.57920,211086
2001.09.30 00:00,1.57870,1.58000,1.56070,1.56200,201396
2001.10.07 00:00,1.56280,1.57030,1.55760,1.56280,206951
2001.10.14 00:00,1.56240,1.58010,1.55540,1.57450,221164
2001.10.21 00:00,1.57540,1.58060,1.56970,1.57650,222592
2001.10.28 00:00,1.57620,1.59730,1.57320,1.59080,242688
2001.11.04 00:00,1.59110,1.60520,1.58890,1.60320,199508
2001.11.11 00:00,1.60280,1.60490,1.58560,1.59010,190342
2001.11.18 00:00,1.58880,1.60290,1.58240,1.59920,199237
2001.11.25 00:00,1.59910,1.60200,1.57020,1.57120,247835
2001.12.02 00:00,1.57340,1.57800,1.56930,1.57510,218017
2001.12.09 00:00,1.57500,1.57970,1.55830,1.56150,179993
2001.12.16 00:00,1.55890,1.58670,1.55840,1.58600,245880
2001.12.23 00:00,1.58550,1.60550,1.58460,1.59050,229624
2001.12.30 00:00,1.59020,1.59950,1.58830,1.59550,179924
2002.01.06 00:00,1.59490,1.60490,1.59290,1.59580,238864
2002.01.13 00:00,1.59570,1.61680,1.58650,1.61370,271163
2002.01.20 00:00,1.61830,1.61900,1.59910,1.60800,266685
2002.01.27 00:00,1.61180,1.61370,1.58260,1.59130,279662
2002.02.03 00:00,1.59000,1.60880,1.58950,1.59930,216699
2002.02.10 00:00,1.59800,1.59940,1.58670,1.59020,182197
2002.02.17 00:00,1.59010,1.59810,1.58550,1.59640,201817
2002.02.24 00:00,1.59700,1.61250,1.59110,1.59250,237203
2002.03.03 00:00,1.59260,1.59390,1.57710,1.58670,222283
2002.03.10 00:00,1.58610,1.59880,1.58130,1.58270,209961
2002.03.17 00:00,1.58350,1.58820,1.57400,1.57720,263134
2002.03.24 00:00,1.57750,1.59780,1.57690,1.59490,226407
2002.03.31 00:00,1.59540,1.60250,1.58740,1.58830,231509
2002.04.07 00:00,1.58880,1.59880,1.58500,1.58540,207154
2002.04.14 00:00,1.58520,1.59180,1.57040,1.57230,233826
2002.04.21 00:00,1.57180,1.57590,1.56070,1.56160,210787
2002.04.28 00:00,1.56150,1.57080,1.55620,1.56610,228929
2002.05.05 00:00,1.56340,1.57230,1.55560,1.55900,221552
2002.05.12 00:00,1.55720,1.56290,1.54150,1.54400,243098
2002.05.19 00:00,1.54640,1.54650,1.53110,1.53420,266195
2002.05.26 00:00,1.53250,1.53830,1.52580,1.52740,231753
2002.06.02 00:00,1.53670,1.53870,1.52450,1.53220,252113
2002.06.09 00:00,1.53270,1.55240,1.53250,1.54650,219551
2002.06.16 00:00,1.54620,1.55160,1.51760,1.52060,253124
2002.06.23 00:00,1.52080,1.52440,1.50290,1.51650,321812
2002.06.30 00:00,1.51740,1.53480,1.51360,1.52390,246836
2002.07.07 00:00,1.52400,1.53460,1.51080,1.53380,313221
2002.07.14 00:00,1.53250,1.54610,1.52990,1.54360,352877
2002.07.21 00:00,1.54270,1.59650,1.54020,1.58550,569336
2002.07.28 00:00,1.58500,1.59270,1.56610,1.58480,427161
2002.08.04 00:00,1.58550,1.60510,1.56990,1.57250,539958
2002.08.11 00:00,1.57230,1.57740,1.55560,1.55920,436529
2002.08.18 00:00,1.55910,1.57490,1.55120,1.55650,354119
2002.08.25 00:00,1.55670,1.56490,1.54920,1.55880,296967
2002.09.01 00:00,1.55900,1.57430,1.55030,1.55970,317033
2002.09.08 00:00,1.55890,1.58850,1.55860,1.58240,382646
2002.09.15 00:00,1.57970,1.58700,1.56970,1.57280,455249
2002.09.22 00:00,1.57380,1.59160,1.57160,1.57870,409038
2002.09.29 00:00,1.57860,1.59560,1.57530,1.59280,306032
2002.10.06 00:00,1.59160,1.59940,1.58530,1.58660,323804
2002.10.13 00:00,1.58710,1.58980,1.56820,1.57350,301516
2002.10.20 00:00,1.57420,1.57520,1.55950,1.56880,281339
2002.10.27 00:00,1.56710,1.57090,1.55420,1.55830,350779
2002.11.03 00:00,1.55740,1.56700,1.55040,1.56570,353618
2002.11.10 00:00,1.56430,1.58500,1.56360,1.58460,349800
2002.11.17 00:00,1.58320,1.59200,1.57570,1.57750,278720
2002.11.24 00:00,1.57720,1.57870,1.56320,1.56540,258807
2002.12.01 00:00,1.56130,1.56950,1.55380,1.56470,283957
2002.12.08 00:00,1.56450,1.56500,1.55140,1.56160,345538
2002.12.15 00:00,1.56150,1.56440,1.54510,1.55100,355059
2002.12.22 00:00,1.55070,1.57210,1.54670,1.56850,233066
2002.12.29 00:00,1.56720,1.58030,1.56320,1.56340,263924
2003.01.05 00:00,1.56440,1.56590,1.54440,1.54780,290062
2003.01.12 00:00,1.54640,1.54650,1.52950,1.53520,303577
2003.01.19 00:00,1.53540,1.53850,1.51800,1.51890,295234
2003.01.26 00:00,1.51840,1.53660,1.51720,1.51990,414991
2003.02.02 00:00,1.52020,1.52680,1.51280,1.52080,327626
2003.02.09 00:00,1.52110,1.53330,1.51330,1.52270,394733
2003.02.16 00:00,1.52320,1.52570,1.50310,1.50430,346188
2003.02.23 00:00,1.50390,1.50440,1.48290,1.48350,389678
2003.03.02 00:00,1.48330,1.48850,1.46040,1.46530,401473
2003.03.09 00:00,1.46660,1.49000,1.45860,1.47300,395452
2003.03.16 00:00,1.47340,1.49550,1.46620,1.49330,459980
2003.03.23 00:00,1.48810,1.49230,1.46120,1.47220,457141
2003.03.30 00:00,1.47130,1.48050,1.46390,1.47270,469824
2003.04.06 00:00,1.47500,1.49450,1.44940,1.45320,506971
2003.04.13 00:00,1.45320,1.45950,1.44590,1.45050,357747
2003.04.20 00:00,1.45070,1.46700,1.44280,1.44670,445876
2003.04.27 00:00,1.44660,1.45480,1.41580,1.41850,436207
2003.05.04 00:00,1.41860,1.42190,1.38150,1.39320,1034940
2003.05.11 00:00,1.39100,1.39510,1.36230,1.36940,551450
2003.05.18 00:00,1.35540,1.38310,1.34050,1.37350,561947
2003.05.25 00:00,1.37960,1.39260,1.36210,1.36670,530657
2003.06.01 00:00,1.37210,1.37890,1.33870,1.35870,624088
2003.06.08 00:00,1.35940,1.36850,1.33280,1.33360,509874
2003.06.15 00:00,1.33390,1.36340,1.33060,1.36050,544830
2003.06.22 00:00,1.35960,1.36730,1.33870,1.34750,552939
2003.06.29 00:00,1.34670,1.36240,1.33330,1.33960,441082
2003.07.06 00:00,1.34020,1.38850,1.33720,1.37670,517242
2003.07.13 00:00,1.37660,1.41430,1.37090,1.40670,507380
2003.07.20 00:00,1.40800,1.41930,1.37760,1.37930,488856
2003.07.27 00:00,1.38110,1.41110,1.37710,1.39900,512645
2003.08.03 00:00,1.39840,1.41170,1.38940,1.39150,441070
2003.08.10 00:00,1.39110,1.39980,1.37600,1.38670,433438
2003.08.17 00:00,1.38650,1.41680,1.38480,1.40150,465709
2003.08.24 00:00,1.40140,1.40840,1.38410,1.38660,452247
2003.08.31 00:00,1.38530,1.39800,1.36520,1.36870,474037
2003.09.07 00:00,1.36780,1.37740,1.36080,1.36540,461107
2003.09.14 00:00,1.36480,1.37430,1.34600,1.34870,462933
2003.09.21 00:00,1.34250,1.35900,1.33670,1.35250,497863
2003.09.28 00:00,1.35360,1.36400,1.33710,1.34470,510160
2003.10.05 00:00,1.34500,1.34970,1.31850,1.32110,459526
2003.10.12 00:00,1.32000,1.33180,1.31110,1.31580,488427
2003.10.19 00:00,1.31380,1.32570,1.30180,1.30760,470427
2003.10.26 00:00,1.30710,1.32280,1.30520,1.31810,475857
2003.11.02 00:00,1.32020,1.34390,1.31990,1.32250,453053
2003.11.09 00:00,1.32340,1.32480,1.29520,1.30290,426484
2003.11.16 00:00,1.30210,1.31770,1.29650,1.30250,489736
2003.11.23 00:00,1.30290,1.32270,1.29310,1.29920,470480
2003.11.30 00:00,1.29810,1.31500,1.29420,1.30480,477772
2003.12.07 00:00,1.30570,1.33030,1.29550,1.31450,510323
2003.12.14 00:00,1.32580,1.34240,1.31010,1.33550,550891
2003.12.21 00:00,1.33560,1.33860,1.30340,1.30760,294137
2003.12.28 00:00,1.31020,1.31500,1.28390,1.28820,332925
2004.01.04 00:00,1.28760,1.29570,1.26810,1.27130,543520
2004.01.11 00:00,1.27050,1.30270,1.26870,1.30060,538805
2004.01.18 00:00,1.29950,1.31980,1.28520,1.31320,545070
2004.01.25 00:00,1.31330,1.33640,1.30360,1.32450,622232
2004.02.01 00:00,1.32590,1.34390,1.32040,1.32360,548938
2004.02.08 00:00,1.32830,1.33460,1.30660,1.31670,565493
2004.02.15 00:00,1.31720,1.35130,1.30750,1.33520,615174
2004.02.22 00:00,1.33700,1.35070,1.32570,1.33550,700066
2004.02.29 00:00,1.33710,1.35890,1.31570,1.32190,697028
2004.03.07 00:00,1.32210,1.33900,1.31610,1.33380,699679
2004.03.14 00:00,1.33530,1.34450,1.32420,1.33400,621878
2004.03.21 00:00,1.33410,1.34350,1.31640,1.31880,651687
2004.03.28 00:00,1.31830,1.32190,1.30090,1.31480,670158
2004.04.04 00:00,1.31420,1.33010,1.30370,1.32820,567809
2004.04.11 00:00,1.32780,1.35040,1.32590,1.34490,666895
2004.04.18 00:00,1.34560,1.36560,1.34220,1.36140,649225
2004.04.25 00:00,1.36180,1.37950,1.34660,1.37230,609928
2004.05.02 00:00,1.37200,1.38700,1.36290,1.38450,662616
2004.05.09 00:00,1.38470,1.39910,1.38270,1.39020,620829
2004.05.16 00:00,1.39030,1.40050,1.36620,1.37360,688962
2004.05.23 00:00,1.37200,1.37830,1.35530,1.36240,676856
2004.05.30 00:00,1.36140,1.37250,1.34770,1.35030,604839
2004.06.06 00:00,1.34950,1.36950,1.33930,1.36330,665199
2004.06.13 00:00,1.36440,1.38220,1.36190,1.36350,645125
2004.06.20 00:00,1.36290,1.36820,1.34060,1.35050,593957
2004.06.27 00:00,1.34970,1.35340,1.32240,1.32350,643904
2004.07.04 00:00,1.32350,1.32870,1.31350,1.31810,622089
2004.07.11 00:00,1.31770,1.33050,1.30580,1.31230,646776
2004.07.18 00:00,1.30960,1.32770,1.30530,1.32120,621217
2004.07.25 00:00,1.32150,1.33860,1.31520,1.33140,708824
2004.08.01 00:00,1.32740,1.33480,1.30740,1.31420,585414
2004.08.08 00:00,1.31080,1.33370,1.30740,1.30960,606609
2004.08.15 00:00,1.30890,1.31290,1.29520,1.29760,556564
2004.08.22 00:00,1.29820,1.31570,1.29710,1.31350,580590
2004.08.29 00:00,1.31330,1.32500,1.29630,1.30010,554435
2004.09.05 00:00,1.30050,1.30130,1.28400,1.29040,511548
2004.09.12 00:00,1.29060,1.30560,1.28810,1.29670,442016
2004.09.19 00:00,1.29780,1.30260,1.27190,1.27390,471842
2004.09.26 00:00,1.27500,1.27790,1.25910,1.26060,460362
2004.10.03 00:00,1.26340,1.27570,1.24950,1.25150,504392
2004.10.10 00:00,1.25040,1.26930,1.25030,1.25250,471354
2004.10.17 00:00,1.25360,1.26190,1.23290,1.23390,472179
2004.10.24 00:00,1.23170,1.23550,1.21570,1.21750,559965
2004.10.31 00:00,1.21840,1.22840,1.19600,1.19710,528394
2004.11.07 00:00,1.19490,1.20360,1.18980,1.19380,518239
2004.11.14 00:00,1.19360,1.20900,1.18730,1.19410,502265
2004.11.21 00:00,1.19350,1.19760,1.17160,1.17830,466277
2004.11.28 00:00,1.17820,1.20110,1.17680,1.18990,552922
2004.12.05 00:00,1.19120,1.23510,1.19040,1.22550,584008
2004.12.12 00:00,1.22700,1.24090,1.21860,1.22900,568957
2004.12.19 00:00,1.22690,1.24680,1.22190,1.22960,496749
2004.12.26 00:00,1.23220,1.23320,1.19670,1.20110,517474
2005.01.02 00:00,1.20160,1.23990,1.19980,1.23270,625207
2005.01.09 00:00,1.23350,1.23400,1.19470,1.21690,604605
2005.01.16 00:00,1.21740,1.23670,1.21200,1.22230,577002
2005.01.23 00:00,1.22180,1.24700,1.21410,1.23960,566919
2005.01.30 00:00,1.24060,1.25050,1.23080,1.24930,538821
2005.02.06 00:00,1.24930,1.25860,1.23560,1.23660,542217
2005.02.13 00:00,1.23580,1.24540,1.22600,1.23170,570884
2005.02.20 00:00,1.23180,1.25000,1.22330,1.23920,557559
2005.02.27 00:00,1.23930,1.24950,1.22750,1.23130,556031
2005.03.06 00:00,1.23150,1.23530,1.19930,1.20540,571820
2005.03.13 00:00,1.20340,1.21000,1.19760,1.20180,540293
2005.03.20 00:00,1.20300,1.22010,1.19840,1.21850,506343
2005.03.27 00:00,1.21830,1.22680,1.20560,1.21420,533491
2005.04.03 00:00,1.21680,1.23210,1.21510,1.22850,507936
2005.04.10 00:00,1.22870,1.24810,1.22370,1.24690,476021
2005.04.17 00:00,1.24570,1.25000,1.23150,1.23580,480626
2005.04.24 00:00,1.23360,1.26190,1.23310,1.25780,475521
2005.05.01 00:00,1.25940,1.26380,1.23860,1.24170,486402
2005.05.08 00:00,1.24200,1.26590,1.23580,1.26570,485120
2005.05.15 00:00,1.26530,1.27340,1.25540,1.26540,490283
2005.05.22 00:00,1.26600,1.26950,1.25130,1.25480,449681
2005.05.29 00:00,1.25650,1.26330,1.24240,1.24710,543154
2005.06.05 00:00,1.24700,1.25880,1.24230,1.25180,561138
2005.06.12 00:00,1.25060,1.25920,1.22840,1.22920,623212
2005.06.19 00:00,1.23150,1.24310,1.22730,1.23310,595687
2005.06.26 00:00,1.23420,1.24350,1.22310,1.24180,626995
2005.07.03 00:00,1.24500,1.24800,1.21740,1.21960,584052
2005.07.10 00:00,1.21950,1.22200,1.20220,1.22030,632334
2005.07.17 00:00,1.22060,1.22490,1.21090,1.21930,628528
2005.07.24 00:00,1.21970,1.24290,1.21540,1.22320,581551
2005.07.31 00:00,1.22230,1.22630,1.20650,1.21630,608395
2005.08.07 00:00,1.21640,1.21940,1.19230,1.19730,574941
2005.08.14 00:00,1.19590,1.22220,1.19410,1.21100,528416
2005.08.21 00:00,1.21040,1.21350,1.18610,1.19910,493672
2005.08.28 00:00,1.19760,1.20320,1.18050,1.18840,517309
2005.09.04 00:00,1.18840,1.19450,1.17260,1.17840,477064
2005.09.11 00:00,1.17620,1.19000,1.17600,1.17930,473141
2005.09.18 00:00,1.18190,1.18320,1.16230,1.17090,486825
2005.09.25 00:00,1.17360,1.18190,1.15860,1.16780,507396
2005.10.02 00:00,1.16220,1.18690,1.16200,1.17390,507560
2005.10.09 00:00,1.17460,1.18960,1.16830,1.18540,478597
2005.10.16 00:00,1.18590,1.18860,1.17080,1.18780,546366
2005.10.23 00:00,1.18840,1.19280,1.16410,1.17670,502776
2005.10.30 00:00,1.17800,1.18680,1.17160,1.18500,512155
2005.11.06 00:00,1.18550,1.19770,1.18010,1.18980,495902
2005.11.13 00:00,1.19040,1.19780,1.18510,1.18850,494231
2005.11.20 00:00,1.18810,1.19140,1.16750,1.17040,472688
2005.11.27 00:00,1.16990,1.17360,1.16030,1.16160,487011
2005.12.04 00:00,1.16200,1.16430,1.15310,1.15690,454437
2005.12.11 00:00,1.15860,1.16150,1.14250,1.15990,492382
2005.12.18 00:00,1.15970,1.17570,1.15790,1.16590,448850
2005.12.25 00:00,1.16680,1.17510,1.16060,1.16250,398337
2006.01.01 00:00,1.16320,1.17310,1.14530,1.16560,463844
2006.01.08 00:00,1.16580,1.17510,1.15600,1.16140,528340
2006.01.15 00:00,1.15920,1.18000,1.15160,1.15380,532035
2006.01.22 00:00,1.15490,1.15840,1.14530,1.14900,537756
2006.01.29 00:00,1.14850,1.15050,1.13700,1.14440,466105
2006.02.05 00:00,1.14260,1.15650,1.14220,1.15310,473833
2006.02.12 00:00,1.15360,1.16160,1.14990,1.15190,483255
2006.02.19 00:00,1.15030,1.15600,1.14500,1.14840,435204
2006.02.26 00:00,1.14980,1.15100,1.12940,1.13320,458055
2006.03.05 00:00,1.13520,1.16500,1.13380,1.16100,472910
2006.03.12 00:00,1.16050,1.16400,1.15100,1.15700,454222
2006.03.19 00:00,1.15930,1.17250,1.15710,1.16790,477914
2006.03.26 00:00,1.16790,1.17500,1.15760,1.16850,490084
2006.04.02 00:00,1.16850,1.17740,1.14360,1.14940,507579
2006.04.09 00:00,1.14880,1.15380,1.14260,1.15160,419427
2006.04.16 00:00,1.15160,1.15370,1.13490,1.13730,449173
2006.04.23 00:00,1.13580,1.14040,1.11620,1.11710,458521
2006.04.30 00:00,1.11750,1.11910,1.10110,1.10610,447408
2006.05.07 00:00,1.10560,1.11680,1.09730,1.10910,481933
2006.05.14 00:00,1.10860,1.12760,1.10130,1.11910,516091
2006.05.21 00:00,1.12050,1.12710,1.10530,1.10720,486336
2006.05.28 00:00,1.10420,1.11030,1.09300,1.10100,461883
2006.06.04 00:00,1.10130,1.12470,1.09750,1.10720,501377
2006.06.11 00:00,1.10630,1.12550,1.09580,1.12280,491973
2006.06.18 00:00,1.12210,1.12910,1.10310,1.12300,494800
2006.06.25 00:00,1.12050,1.12710,1.10800,1.11640,491513
2006.07.02 00:00,1.11680,1.11900,1.10410,1.11330,478252
2006.07.09 00:00,1.11430,1.14020,1.11320,1.12760,520634
2006.07.16 00:00,1.12790,1.14080,1.12610,1.13670,510906
2006.07.23 00:00,1.13760,1.14610,1.12820,1.13130,544323
2006.07.30 00:00,1.13010,1.13750,1.12200,1.12690,517742
2006.08.06 00:00,1.12710,1.12860,1.11710,1.12500,495460
2006.08.13 00:00,1.12570,1.13220,1.11420,1.12460,492664
2006.08.20 00:00,1.12560,1.12590,1.10470,1.10920,495796
2006.08.27 00:00,1.10910,1.11310,1.10300,1.10450,477217
2006.09.03 00:00,1.10430,1.12130,1.10410,1.12020,504984
2006.09.10 00:00,1.12100,1.12340,1.11180,1.11900,233012
2006.09.17 00:00,1.11910,1.12940,1.11180,1.11740,156620
2006.09.24 00:00,1.11730,1.11890,1.10850,1.11780,139070
2006.10.01 00:00,1.11750,1.13040,1.11440,1.12530,139109
2006.10.08 00:00,1.12630,1.13840,1.12110,1.13770,98367
2006.10.15 00:00,1.13720,1.14130,1.12030,1.12520,115176
2006.10.22 00:00,1.12490,1.13210,1.11770,1.11930,95513
2006.10.29 00:00,1.11960,1.13720,1.11760,1.12970,115050
2006.11.05 00:00,1.12920,1.13630,1.12540,1.13210,94817
2006.11.12 00:00,1.13090,1.14730,1.13020,1.14650,101361
2006.11.19 00:00,1.14630,1.15400,1.13040,1.13450,97573
2006.11.26 00:00,1.13230,1.14640,1.12850,1.14460,115464
2006.12.03 00:00,1.14360,1.15150,1.13750,1.14920,108539
2006.12.10 00:00,1.14910,1.15870,1.14510,1.15760,107985
2006.12.17 00:00,1.15750,1.15860,1.14290,1.15860,101273
2006.12.24 00:00,1.15830,1.16670,1.15700,1.16580,97735
2006.12.31 00:00,1.16450,1.17860,1.16220,1.17280,112016
2007.01.07 00:00,1.17300,1.18020,1.16810,1.17020,141357
2007.01.14 00:00,1.17010,1.17730,1.16440,1.17230,138418
2007.01.21 00:00,1.17220,1.18490,1.17100,1.17950,138521
2007.01.28 00:00,1.17930,1.18690,1.17350,1.18420,93160
2007.02.04 00:00,1.18410,1.18740,1.17130,1.17210,73638
2007.02.11 00:00,1.17330,1.17670,1.16180,1.16320,89206
2007.02.18 00:00,1.16380,1.17140,1.15630,1.15940,70669
2007.02.25 00:00,1.15900,1.17730,1.15730,1.17700,96001
2007.03.04 00:00,1.17710,1.18240,1.17020,1.17230,99130
2007.03.11 00:00,1.17190,1.17790,1.16790,1.17550,87883
2007.03.18 00:00,1.17640,1.17870,1.15340,1.16040,93743
2007.03.25 00:00,1.16070,1.16340,1.14980,1.15380,90332
2007.04.01 00:00,1.15200,1.15980,1.14850,1.15110,70612
2007.04.08 00:00,1.15030,1.15300,1.13290,1.13760,79126
2007.04.15 00:00,1.13640,1.13670,1.12110,1.12360,87795
2007.04.22 00:00,1.12230,1.12460,1.11280,1.11620,92033
2007.04.29 00:00,1.11530,1.11950,1.10310,1.10760,95675
2007.05.06 00:00,1.10700,1.11670,1.10040,1.11040,84817
2007.05.13 00:00,1.11080,1.11250,1.08750,1.08840,95692
2007.05.20 00:00,1.08870,1.08960,1.07750,1.08020,91312
2007.05.27 00:00,1.07960,1.08340,1.05980,1.06060,83012
2007.06.03 00:00,1.06110,1.07120,1.05470,1.06060,104870
2007.06.10 00:00,1.06090,1.07380,1.05880,1.06770,96600
2007.06.17 00:00,1.06790,1.07570,1.06140,1.06820,97271
2007.06.24 00:00,1.06860,1.07330,1.04680,1.06520,71954
2007.07.01 00:00,1.06390,1.06390,1.04600,1.04930,26411
2007.07.08 00:00,1.04920,1.06100,1.04420,1.04750,97504
2007.07.15 00:00,1.04800,1.04960,1.03990,1.04840,75536
2007.07.22 00:00,1.04760,1.06480,1.03390,1.06400,107721
2007.07.29 00:00,1.06380,1.06980,1.05000,1.05680,95836
2007.08.05 00:00,1.05640,1.06420,1.04610,1.05300,117885
2007.08.12 00:00,1.05290,1.08660,1.04840,1.05970,137284
2007.08.19 00:00,1.06040,1.06900,1.04740,1.05190,76749
2007.08.26 00:00,1.05160,1.06760,1.04690,1.05550,77254
2007.09.02 00:00,1.05570,1.05800,1.04710,1.05490,82700
2007.09.09 00:00,1.05450,1.05890,1.02770,1.02980,71262
2007.09.16 00:00,1.02970,1.03110,0.99360,1.00060,41942
2007.09.23 00:00,1.00020,1.00940,0.99120,0.99210,118645
2007.09.30 00:00,0.99410,1.00150,0.97870,0.98050,117170
2007.10.07 00:00,0.98130,0.98940,0.97160,0.97170,76297
2007.10.14 00:00,0.97150,0.98200,0.96320,0.96670,67559
2007.10.21 00:00,0.96660,0.98240,0.95880,0.96210,57043
2007.10.28 00:00,0.96160,0.96260,0.93250,0.93430,114556
2007.11.04 00:00,0.93520,0.94480,0.90560,0.94460,155482
2007.11.11 00:00,0.94540,0.98870,0.94320,0.97340,122656
2007.11.18 00:00,0.97670,0.99250,0.97030,0.98800,107222
2007.11.25 00:00,0.98780,1.00170,0.97990,0.99900,183947
2007.12.02 00:00,0.99930,1.02150,0.99740,1.00510,55425
2007.12.09 00:00,1.00380,1.02480,1.00040,1.01700,85544
2007.12.16 00:00,1.01730,1.02260,0.99100,0.99150,84097
2007.12.23 00:00,0.99180,0.99310,0.97560,0.98160,49985
2007.12.30 00:00,0.98150,1.00420,0.97650,1.00260,65670
2008.01.06 00:00,1.00245,1.02202,0.99650,1.01870,118883
2008.01.13 00:00,1.01955,1.03072,1.01240,1.02710,136250
2008.01.20 00:00,1.02615,1.03780,1.00150,1.00800,196126
2008.01.27 00:00,1.00945,1.01180,0.98710,0.99510,114941
2008.02.03 00:00,0.99450,1.01270,0.99210,0.99890,112303
2008.02.10 00:00,1.00040,1.01120,0.99188,1.00660,90755
2008.02.17 00:00,1.00760,1.01980,1.00210,1.01250,99945
2008.02.24 00:00,1.01140,1.01300,0.97090,0.98770,121215
2008.03.02 00:00,0.98530,0.99765,0.97420,0.99060,131908
2008.03.09 00:00,0.99005,0.99810,0.97960,0.98880,141240
2008.03.16 00:00,0.98855,1.02935,0.98577,1.02330,157593
2008.03.23 00:00,1.02489,1.03070,1.00934,1.02240,134364
2008.03.30 00:00,1.02215,1.03260,1.00180,1.00840,114208
2008.04.06 00:00,1.00811,1.02480,1.00380,1.02330,81934
2008.04.13 00:00,1.02700,1.02745,0.99870,1.00400,110111
2008.04.20 00:00,1.00477,1.02142,0.99970,1.01350,104943
2008.04.27 00:00,1.01415,1.02421,1.00360,1.01930,109501
2008.05.04 00:00,1.01928,1.01985,0.99976,1.00510,98416
2008.05.11 00:00,1.00581,1.01050,0.99421,0.99910,101969
2008.05.18 00:00,0.99920,0.99990,0.98180,0.98970,106693
2008.05.25 00:00,0.98900,0.99780,0.98230,0.99330,103161
2008.06.01 00:00,0.99400,1.02190,0.99270,1.01950,122929
2008.06.08 00:00,1.01840,1.03220,1.01500,1.02920,112047
2008.06.15 00:00,1.02770,1.02980,1.01000,1.01620,85703
2008.06.22 00:00,1.01670,1.01910,1.00480,1.01080,83096
2008.06.29 00:00,1.01070,1.02380,1.00610,1.01950,89261
2008.07.06 00:00,1.01850,1.02300,1.00670,1.00910,104361
2008.07.13 00:00,1.00800,1.01380,0.99740,1.00560,109200
2008.07.20 00:00,1.00530,1.02060,0.99900,1.01960,106360
2008.07.27 00:00,1.01930,1.02950,1.01730,1.02710,97143
2008.08.03 00:00,1.02650,1.06960,1.02610,1.06650,117469
2008.08.10 00:00,1.06600,1.07270,1.05610,1.05910,126677
2008.08.17 00:00,1.05920,1.06680,1.04190,1.04690,115025
2008.08.24 00:00,1.04920,1.06420,1.04100,1.06390,68092
2008.08.31 00:00,1.06100,1.07760,1.05420,1.06210,150667
2008.09.07 00:00,1.06010,1.08190,1.05500,1.05990,146122
2008.09.14 00:00,1.06220,1.08080,1.04290,1.04600,150098
2008.09.21 00:00,1.04710,1.05140,1.02970,1.03340,138449
2008.09.28 00:00,1.03270,1.08430,1.03260,1.08250,168209
2008.10.05 00:00,1.08350,1.21230,1.08130,1.17300,395094
2008.10.12 00:00,1.16270,1.19950,1.13040,1.18240,405257
2008.10.19 00:00,1.18180,1.28400,1.17400,1.27730,234427
2008.10.26 00:00,1.27730,1.30160,1.19030,1.21230,516129
2008.11.02 00:00,1.21020,1.21170,1.14640,1.18910,270549
2008.11.09 00:00,1.17830,1.24450,1.16590,1.23680,354153
2008.11.16 00:00,1.23780,1.29830,1.21090,1.26660,195106
2008.11.23 00:00,1.26740,1.27740,1.21250,1.23940,262440
2008.11.30 00:00,1.23660,1.30040,1.23040,1.27050,289160
2008.12.07 00:00,1.26910,1.27520,1.21600,1.24820,330039
2008.12.14 00:00,1.24620,1.24640,1.18180,1.21520,390108
2008.12.21 00:00,1.21550,1.22510,1.19850,1.22180,242338
2008.12.28 00:00,1.22090,1.23420,1.20550,1.20580,154550
2009.01.04 00:00,1.20580,1.22230,1.17610,1.18510,329002
2009.01.11 00:00,1.18800,1.26720,1.18710,1.24290,363149
2009.01.18 00:00,1.24100,1.27650,1.22640,1.23100,298772
2009.01.25 00:00,1.23200,1.24150,1.20240,1.22930,388359
2009.02.01 00:00,1.22750,1.25390,1.21870,1.21910,209999
2009.02.08 00:00,1.22160,1.25470,1.21300,1.23520,228294
2009.02.15 00:00,1.23980,1.26720,1.23890,1.25180,338437
2009.02.22 00:00,1.25160,1.27580,1.23540,1.27580,166105
2009.03.01 00:00,1.27750,1.29730,1.27090,1.28710,256955
2009.03.08 00:00,1.28550,1.30630,1.26240,1.27160,185384
2009.03.15 00:00,1.27170,1.27820,1.21910,1.24050,180401
2009.03.22 00:00,1.23930,1.24435,1.22005,1.24190,345700
2009.03.29 00:00,1.23900,1.27135,1.22935,1.22960,175680
2009.04.05 00:00,1.22920,1.24828,1.22099,1.22563,248929
2009.04.12 00:00,1.22600,1.22978,1.19810,1.21313,315689
2009.04.19 00:00,1.21320,1.25038,1.20722,1.20941,318535
2009.04.26 00:00,1.20960,1.22651,1.18298,1.18556,291746
2009.05.03 00:00,1.18550,1.18981,1.14900,1.14933,256904
2009.05.10 00:00,1.15130,1.18049,1.14742,1.17748,321978
2009.05.17 00:00,1.17810,1.18140,1.11874,1.11934,267466
2009.05.24 00:00,1.12131,1.13540,1.08900,1.09080,215926
2009.05.31 00:00,1.09100,1.12064,1.07840,1.11891,229624
2009.06.07 00:00,1.12038,1.12892,1.09404,1.11876,212218
2009.06.14 00:00,1.11953,1.14476,1.11818,1.13481,94732
2009.06.21 00:00,1.13478,1.16362,1.13343,1.15247,302631
2009.06.28 00:00,1.15233,1.16537,1.14380,1.16058,194047
2009.07.05 00:00,1.16198,1.17232,1.15425,1.16376,277872
2009.07.12 00:00,1.16201,1.16700,1.11163,1.11332,242264
2009.07.19 00:00,1.11510,1.11528,1.07935,1.08657,209905
2009.07.26 00:00,1.08571,1.09327,1.07492,1.07750,262999
2009.08.02 00:00,1.07650,1.08651,1.06318,1.08107,154893
2009.08.09 00:00,1.08300,1.10745,1.07920,1.09806,112759
2009.08.16 00:00,1.09936,1.11238,1.07623,1.08100,244537
2009.08.23 00:00,1.07918,1.10189,1.07184,1.09160,227781
2009.08.30 00:00,1.09167,1.11010,1.08230,1.08850,198503
2009.09.06 00:00,1.08620,1.08780,1.06730,1.07660,167201
2009.09.13 00:00,1.07700,1.09250,1.05900,1.06900,171145
2009.09.20 00:00,1.07010,1.09810,1.06590,1.09090,181452
2009.09.27 00:00,1.09140,1.09910,1.06700,1.07960,237018
2009.10.04 00:00,1.08000,1.08220,1.04100,1.04200,165227
2009.10.11 00:00,1.04340,1.04510,1.02050,1.03680,164802
2009.10.18 00:00,1.03870,1.05820,1.02650,1.05360,106695
2009.10.25 00:00,1.05210,1.08462,1.05000,1.08450,205354
2009.11.01 00:00,1.08464,1.08516,1.05935,1.07519,271708
2009.11.08 00:00,1.07322,1.07465,1.04164,1.05161,187949
2009.11.15 00:00,1.05326,1.07305,1.04259,1.07043,223753
2009.11.22 00:00,1.07062,1.07483,1.04491,1.06169,242819
2009.11.29 00:00,1.06010,1.06113,1.04050,1.05783,206847
2009.12.06 00:00,1.05587,1.06701,1.04777,1.05994,243866
2009.12.13 00:00,1.06057,1.07449,1.05523,1.06629,210065
2009.12.20 00:00,1.06781,1.06974,1.04475,1.04963,131587
2009.12.27 00:00,1.04800,1.05764,1.03649,1.04563,129235
2010.01.03 00:00,1.05138,1.05201,1.02910,1.02972,194297
2010.01.10 00:00,1.02918,1.04130,1.02226,1.02897,221490
2010.01.17 00:00,1.03000,1.06012,1.02474,1.05770,201729
2010.01.24 00:00,1.05637,1.07044,1.05319,1.07030,229648
2010.01.31 00:00,1.07110,1.07791,1.05452,1.07144,222071
2010.02.07 00:00,1.06760,1.07721,1.04791,1.05024,244739
2010.02.14 00:00,1.05105,1.05319,1.03873,1.03906,199677
2010.02.21 00:00,1.03857,1.06792,1.03693,1.05156,234541
2010.02.28 00:00,1.05338,1.05723,1.02599,1.02878,226943
2010.03.07 00:00,1.02900,1.03203,1.01542,1.01915,200505
2010.03.14 00:00,1.01765,1.02311,1.00608,1.01714,169827
2010.03.21 00:00,1.01560,1.03020,1.01451,1.02646,199325
2010.03.28 00:00,1.02480,1.02715,1.00660,1.01095,181186
2010.04.04 00:00,1.00910,1.01077,0.99766,1.00255,158711
2010.04.11 00:00,1.00370,1.01615,0.99524,1.01273,174453
2010.04.18 00:00,1.01515,1.02146,0.99299,0.99888,193362
2010.04.25 00:00,0.99965,1.01962,0.99703,1.01775,203852
2010.05.02 00:00,1.01732,1.07347,1.00982,1.04381,327297
2010.05.09 00:00,1.03161,1.03918,1.01095,1.03549,305416
2010.05.16 00:00,1.03507,1.07481,1.02455,1.05932,391528
2010.05.23 00:00,1.06223,1.08516,1.04435,1.05448,354397
2010.05.30 00:00,1.05184,1.06264,1.03328,1.06264,329740
2010.06.06 00:00,1.06060,1.06781,1.02865,1.03203,316561
2010.06.13 00:00,1.03421,1.03591,1.02062,1.02170,278773
2010.06.20 00:00,1.01959,1.04684,1.01380,1.03518,248442
2010.06.27 00:00,1.03523,1.06730,1.03196,1.06223,266925
2010.07.04 00:00,1.06259,1.06756,1.02950,1.03361,202152
2010.07.11 00:00,1.03223,1.05809,1.02754,1.05806,228119
2010.07.18 00:00,1.05718,1.05852,1.03454,1.03572,227979
2010.07.25 00:00,1.03779,1.03943,1.02550,1.02945,205429
2010.08.01 00:00,1.02848,1.03048,1.01053,1.02718,253978
2010.08.08 00:00,1.02696,1.04934,1.02557,1.04170,230461
2010.08.15 00:00,1.04139,1.05132,1.02458,1.04729,206252
2010.08.22 00:00,1.04927,1.06661,1.04444,1.05065,217190
2010.08.29 00:00,1.04970,1.06716,1.03793,1.03863,215085
2010.09.05 00:00,1.03918,1.05080,1.02848,1.03683,178012
2010.09.12 00:00,1.03400,1.03494,1.02154,1.03280,207114
2010.09.19 00:00,1.03280,1.03778,1.01900,1.02434,222527
2010.09.26 00:00,1.02421,1.03607,1.01868,1.01953,208586
2010.10.03 00:00,1.01950,1.02717,1.00618,1.01120,222896
2010.10.10 00:00,1.01050,1.01820,0.99780,1.01018,205808
2010.10.17 00:00,1.01175,1.03716,1.01164,1.02573,231641
2010.10.24 00:00,1.02560,1.03385,1.01534,1.01922,217814
2010.10.31 00:00,1.01885,1.02017,0.99907,1.00004,206038
2010.11.07 00:00,1.00031,1.01446,0.99770,1.01214,221470
2010.11.14 00:00,1.01206,1.02598,1.00562,1.01670,224348
2010.11.21 00:00,1.01622,1.02631,1.00758,1.02116,189038
2010.11.28 00:00,1.01857,1.02854,1.00021,1.00377,214671
2010.12.05 00:00,1.00335,1.01396,1.00110,1.00896,181667
2010.12.12 00:00,1.00977,1.01452,1.00005,1.01386,192874
2010.12.19 00:00,1.01231,1.02074,1.00482,1.00816,157234
2010.12.26 00:00,1.00824,1.01095,0.99247,0.99785,153875
2011.01.02 00:00,0.99335,1.00334,0.98879,0.99336,204572
2011.01.09 00:00,0.99298,0.99832,0.98478,0.99083,176699
2011.01.16 00:00,0.98787,1.00295,0.98361,0.99301,187444
2011.01.23 00:00,0.99358,1.00158,0.99106,1.00115,181029
2011.01.30 00:00,1.00065,1.00570,0.98311,0.98713,184596
2011.02.06 00:00,0.98731,0.99869,0.98570,0.98753,165919
2011.02.13 00:00,0.98732,0.99020,0.98154,0.98661,165503
2011.02.20 00:00,0.98500,0.99578,0.97724,0.97761,172456
2011.02.27 00:00,0.97824,0.97881,0.96833,0.97327,159124
2011.03.06 00:00,0.97198,0.98005,0.96666,0.97302,146659
2011.03.13 00:00,0.97361,0.99729,0.97090,0.98442,232974
2011.03.20 00:00,0.98438,0.98452,0.97307,0.98025,176745
2011.03.27 00:00,0.98155,0.98217,0.96252,0.96300,164482
2011.04.03 00:00,0.96413,0.96922,0.95257,0.95525,150574
2011.04.10 00:00,0.95512,0.96686,0.95421,0.95898,174484
2011.04.17 00:00,0.95883,0.97206,0.94534,0.95416,156586
2011.04.24 00:00,0.95252,0.95751,0.94452,0.94487,166361
2011.05.01 00:00,0.94502,0.97108,0.94440,0.96639,217673
2011.05.08 00:00,0.96657,0.97428,0.95128,0.96819,231443
2011.05.15 00:00,0.96937,0.97929,0.96408,0.97330,209772
2011.05.22 00:00,0.97395,0.98158,0.97357,0.97586,195509
2011.05.29 00:00,0.97754,0.98510,0.96548,0.97763,197237
2011.06.05 00:00,0.97733,0.98197,0.97125,0.97969,190801
2011.06.12 00:00,0.97861,0.98977,0.96694,0.98100,208238
2011.06.19 00:00,0.98062,0.98857,0.97006,0.98845,216962
2011.06.26 00:00,0.98767,0.99123,0.95796,0.95830,208968
2011.07.03 00:00,0.95904,0.96940,0.95668,0.96182,186277
2011.07.10 00:00,0.96177,0.97771,0.95198,0.95314,226788
2011.07.17 00:00,0.95410,0.96352,0.94230,0.94780,179000
2011.07.24 00:00,0.94794,0.95897,0.94062,0.95512,163430
2011.07.31 00:00,0.95551,0.98520,0.94913,0.98184,231221
2011.08.07 00:00,0.98174,1.00090,0.97651,0.98694,340430
2011.08.14 00:00,0.98801,0.99375,0.97738,0.98995,231849
2011.08.21 00:00,0.99093,0.99229,0.97909,0.98116,215911
2011.08.28 00:00,0.98184,0.98568,0.97251,0.98512,169294
2011.09.04 00:00,0.98694,0.99787,0.98284,0.99654,186411
2011.09.11 00:00,0.99712,1.00249,0.97790,0.97791,205745
2011.09.18 00:00,0.98083,1.03597,0.98054,1.02762,259123
2011.09.25 00:00,1.02827,1.05019,1.01431,1.04999,289445
2011.10.02 00:00,1.04774,1.06560,1.02351,1.03915,305854
2011.10.09 00:00,1.03798,1.03864,1.00933,1.00966,249999
2011.10.16 00:00,1.00996,1.02631,1.00434,1.00628,278531
2011.10.23 00:00,1.00945,1.02111,0.98912,0.99135,262044
2011.10.30 00:00,0.99149,1.02267,0.99122,1.01855,292191
2011.11.06 00:00,1.01760,1.02652,1.00770,1.01117,253240
2011.11.13 00:00,1.01046,1.03004,1.00870,1.02722,260051
2011.11.20 00:00,1.02762,1.05230,1.02758,1.04655,233226
2011.11.27 00:00,1.04334,1.04338,1.00787,1.01908,253117
2011.12.04 00:00,1.01848,1.02610,1.00508,1.01654,225055
2011.12.11 00:00,1.01998,1.04222,1.01826,1.03818,215836
2011.12.18 00:00,1.03877,1.04147,1.01799,1.01983,181243
2011.12.25 00:00,1.02074,1.02672,1.01254,1.02087,138638
2012.01.01 00:00,1.02010,1.02848,1.00756,1.02830,227350
2012.01.08 00:00,1.02940,1.03178,1.01382,1.02300,205489
2012.01.15 00:00,1.02405,1.02522,1.00694,1.01301,186292
2012.01.22 00:00,1.01513,1.01566,0.99807,1.00159,190369
2012.01.29 00:00,1.00141,1.00689,0.99262,0.99329,181447
2012.02.05 00:00,0.99348,1.00378,0.99249,1.00130,179066
2012.02.12 00:00,1.00011,1.00504,0.99375,0.99663,176436
2012.02.19 00:00,0.99308,1.00188,0.99053,0.99930,170546
2012.02.26 00:00,0.99940,1.00487,0.98399,0.98886,185105
2012.03.04 00:00,0.99005,1.00275,0.98716,0.99033,173625
2012.03.11 00:00,0.99043,0.99473,0.98794,0.99144,153465
2012.03.18 00:00,0.99116,1.00331,0.98594,0.99757,163429
2012.03.25 00:00,0.99818,1.00180,0.98990,0.99854,154155
2012.04.01 00:00,0.99568,0.99976,0.98871,0.99685,166133
2012.04.08 00:00,0.99721,1.00510,0.99253,0.99951,174549
2012.04.15 00:00,0.99916,1.00319,0.98648,0.99188,175246
2012.04.22 00:00,0.99247,0.99780,0.97988,0.98029,163428
2012.04.29 00:00,0.98066,0.99623,0.98029,0.99586,153240
2012.05.06 00:00,0.99501,1.00615,0.99224,1.00034,178434
2012.05.13 00:00,1.00156,1.02264,0.99894,1.02203,194997
2012.05.20 00:00,1.02135,1.03108,1.01509,1.02920,209381
2012.05.27 00:00,1.02677,1.04406,1.02063,1.04091,209062
2012.06.03 00:00,1.03909,1.04449,1.02098,1.02595,216783
2012.06.10 00:00,1.02226,1.03242,1.01995,1.02150,205359
2012.06.17 00:00,1.02014,1.02987,1.01585,1.02436,201722
2012.06.24 00:00,1.02695,1.03608,1.01640,1.01640,198091
2012.07.01 00:00,1.01612,1.02066,1.00999,1.01948,177640
2012.07.08 00:00,1.01993,1.02486,1.01287,1.01381,185772
2012.07.15 00:00,1.01355,1.01719,1.00648,1.01254,174930
2012.07.22 00:00,1.01353,1.02303,1.00299,1.00308,188806
2012.07.29 00:00,1.00429,1.00833,0.99789,1.00120,179103
2012.08.05 00:00,1.00119,1.00194,0.99050,0.99088,162588
2012.08.12 00:00,0.99101,0.99404,0.98587,0.98901,153296
2012.08.19 00:00,0.98851,0.99477,0.98415,0.99215,158737
2012.08.26 00:00,0.99166,0.99308,0.98417,0.98609,152806
2012.09.02 00:00,0.98662,0.99183,0.97645,0.97858,156853
2012.09.09 00:00,0.97756,0.97876,0.96319,0.97133,163047
2012.09.16 00:00,0.97018,0.98155,0.96923,0.97622,168233
2012.09.23 00:00,0.97641,0.98589,0.97557,0.98363,171301
2012.09.30 00:00,0.98399,0.98839,0.97343,0.97852,174205
2012.10.07 00:00,0.97777,0.98336,0.97431,0.98003,171755
2012.10.14 00:00,0.97800,0.99382,0.97633,0.99350,168249
2012.10.21 00:00,0.99438,0.99927,0.98879,0.99684,170784
2012.10.28 00:00,0.99770,1.00177,0.99207,0.99571,130106
2012.11.04 00:00,0.99570,1.00327,0.98736,1.00154,176999
2012.11.11 00:00,1.00038,1.00552,0.99843,1.00112,171602
2012.11.18 00:00,1.00109,1.00165,0.99143,0.99271,163590
2012.11.25 00:00,0.99243,0.99602,0.99046,0.99417,163565
2012.12.02 00:00,0.99378,0.99535,0.98754,0.98826,155124
2012.12.09 00:00,0.98711,0.98877,0.98239,0.98544,152185
2012.12.16 00:00,0.98561,0.99525,0.98312,0.99309,151794
2012.12.23 00:00,0.99326,0.99700,0.99017,0.99678,101867
2012.12.30 00:00,0.99532,0.99698,0.98360,0.98708,141131
2013.01.06 00:00,0.98613,0.98844,0.98151,0.98472,174012
2013.01.13 00:00,0.98443,0.99461,0.98306,0.99147,183954
2013.01.20 00:00,0.99213,1.00996,0.99026,1.00565,184922
2013.01.27 00:00,1.00664,1.00997,0.99565,0.99633,180672
2013.02.03 00:00,0.99657,1.00348,0.99318,1.00197,175178
2013.02.10 00:00,1.00300,1.00875,0.99988,1.00619,167122
2013.02.17 00:00,1.00752,1.02559,1.00568,1.02119,190195
2013.02.24 00:00,1.02199,1.03414,1.02163,1.02657,197379
2013.03.03 00:00,1.02730,1.03366,1.02340,1.02814,116910
2013.03.10 00:00,1.02869,1.02947,1.01805,1.01935,106458
2013.03.17 00:00,1.02256,1.02837,1.01994,1.02320,115377
2013.03.24 00:00,1.02275,1.02323,1.01445,1.01690,107060
2013.03.31 00:00,1.01671,1.02355,1.01037,1.01748,109154
2013.04.07 00:00,1.01670,1.02137,1.00828,1.01313,108972
2013.04.14 00:00,1.01409,1.02928,1.01329,1.02639,145998
2013.04.21 00:00,1.02559,1.02852,1.01572,1.01625,118387
2013.04.28 00:00,1.01662,1.01683,1.00507,1.00737,111946
2013.05.05 00:00,1.00767,1.01518,1.00133,1.00987,108000
2013.05.12 00:00,1.01120,1.03130,1.00815,1.02788,134002
2013.05.19 00:00,1.02749,1.03930,1.02165,1.03151,162877
2013.05.26 00:00,1.03148,1.04203,1.02945,1.03736,154521
2013.06.02 00:00,1.03625,1.03798,1.01666,1.01930,185117
2013.06.09 00:00,1.02185,1.02509,1.01369,1.01675,161300
2013.06.16 00:00,1.01722,1.04883,1.01489,1.04538,160082
2013.06.23 00:00,1.04780,1.05557,1.04237,1.05164,198068
2013.06.30 00:00,1.05217,1.06089,1.04721,1.05805,166485
2013.07.07 00:00,1.05801,1.05851,1.03258,1.03925,171847
2013.07.14 00:00,1.03896,1.04418,1.03553,1.03656,145851
2013.07.21 00:00,1.03659,1.03671,1.02552,1.02746,128369
2013.07.28 00:00,1.02822,1.04022,1.02458,1.03870,141934
2013.08.04 00:00,1.03880,1.04451,1.02751,1.02858,128690
2013.08.11 00:00,1.02940,1.03693,1.02790,1.03346,119550
2013.08.18 00:00,1.03305,1.05680,1.03156,1.04944,133916
2013.08.25 00:00,1.05127,1.05579,1.04719,1.05324,117413
2013.09.01 00:00,1.05284,1.05593,1.03817,1.04042,116002
2013.09.08 00:00,1.04029,1.04182,1.03056,1.03489,97515
2013.09.15 00:00,1.03150,1.03343,1.01822,1.03026,112357
2013.09.22 00:00,1.03059,1.03400,1.02693,1.03040,94194
2013.09.29 00:00,1.03160,1.03562,1.02750,1.02917,102719
2013.10.06 00:00,1.02992,1.04192,1.02956,1.03467,100586
2013.10.13 00:00,1.03610,1.03910,1.02770,1.02852,97051
2013.10.20 00:00,1.02887,1.04603,1.02707,1.04444,97469
2013.10.27 00:00,1.04472,1.04963,1.04114,1.04161,99454
2013.11.03 00:00,1.04195,1.05030,1.03977,1.04767,103828
2013.11.10 00:00,1.04845,1.05256,1.04365,1.04366,98055
2013.11.17 00:00,1.04366,1.05683,1.04146,1.05115,104387
2013.11.24 00:00,1.05230,1.06281,1.05200,1.06046,109265
2013.12.01 00:00,1.06185,1.07078,1.06136,1.06378,128313
2013.12.08 00:00,1.06458,1.06696,1.05607,1.05832,107413
2013.12.15 00:00,1.05908,1.07369,1.05721,1.06337,120041
2013.12.22 00:00,1.06412,1.07183,1.05812,1.07030,71458
2013.12.29 00:00,1.07068,1.07271,1.05884,1.06297,93624
2014.01.05 00:00,1.06327,1.09457,1.06084,1.08856,149861
2014.01.12 00:00,1.09055,1.09909,1.08422,1.09594,137908
2014.01.19 00:00,1.09661,1.11731,1.09292,1.10862,164696
2014.01.26 00:00,1.10662,1.12240,1.10313,1.11271,165873
2014.02.02 00:00,1.11222,1.11331,1.09674,1.10321,156264
2014.02.09 00:00,1.10396,1.10903,1.09401,1.09775,125705
2014.02.16 00:00,1.09732,1.11950,1.09101,1.11095,140214
2014.02.23 00:00,1.11042,1.11596,1.10403,1.10606,135833
2014.03.02 00:00,1.10795,1.11176,1.09550,1.10868,138769
2014.03.09 00:00,1.10920,1.11534,1.10432,1.11043,134580
2014.03.16 00:00,1.10971,1.12782,1.10250,1.12199,148364
2014.03.23 00:00,1.12261,1.12459,1.10007,1.10600,141976
2014.03.30 00:00,1.10561,1.10697,1.09565,1.09799,121679
2014.04.06 00:00,1.09808,1.10094,1.08579,1.09801,114643
2014.04.13 00:00,1.09743,1.10333,1.09421,1.10199,105176
2014.04.20 00:00,1.10230,1.10529,1.10003,1.10390,86045
2014.04.27 00:00,1.10341,1.10392,1.09354,1.09713,106448
2014.05.04 00:00,1.09762,1.09887,1.08140,1.08947,96521
2014.05.11 00:00,1.08990,1.09261,1.08515,1.08602,92323
2014.05.18 00:00,1.08621,1.09414,1.08494,1.08603,108690
2014.05.25 00:00,1.08707,1.08858,1.08219,1.08438,78176
2014.06.01 00:00,1.08424,1.09599,1.08417,1.09316,93797
2014.06.08 00:00,1.09281,1.09405,1.08412,1.08551,77832
2014.06.15 00:00,1.08544,1.08933,1.07514,1.07576,83375
2014.06.22 00:00,1.07565,1.07591,1.06589,1.06620,71460
2014.06.29 00:00,1.06615,1.06956,1.06194,1.06473,71747
2014.07.06 00:00,1.06434,1.07359,1.06298,1.07298,72641
2014.07.13 00:00,1.07309,1.07931,1.07077,1.07315,81184
2014.07.20 00:00,1.07290,1.08204,1.07090,1.08106,72521
2014.07.27 00:00,1.08139,1.09431,1.07945,1.09105,88623
2014.08.03 00:00,1.09158,1.09848,1.09025,1.09699,76510
2014.08.10 00:00,1.09684,1.09762,1.08591,1.08974,78839
2014.08.17 00:00,1.08835,1.09852,1.08741,1.09400,82455
2014.08.24 00:00,1.09587,1.09964,1.08098,1.08755,92630
2014.08.31 00:00,1.08717,1.09417,1.08196,1.08810,93228
2014.09.07 00:00,1.08769,1.10968,1.08759,1.10871,132717
2014.09.14 00:00,1.10812,1.10978,1.08857,1.09560,164016
2014.09.21 00:00,1.09625,1.11677,1.09253,1.11543,139126
2014.09.28 00:00,1.11474,1.12696,1.10703,1.12452,159675
2014.10.05 00:00,1.12471,1.12640,1.10806,1.11958,176056
2014.10.12 00:00,1.11733,1.13841,1.11733,1.12797,193096
2014.10.19 00:00,1.12827,1.12952,1.11829,1.12376,143603
2014.10.26 00:00,1.12360,1.13311,1.11209,1.12664,142414
2014.11.02 00:00,1.12774,1.14659,1.12625,1.13270,173958
2014.11.09 00:00,1.13201,1.14008,1.12635,1.12907,163287
2014.11.16 00:00,1.12808,1.13684,1.11901,1.12310,164982
2014.11.23 00:00,1.12309,1.14433,1.12236,1.14135,158404
2014.11.30 00:00,1.14272,1.14752,1.13123,1.14342,174041
2014.12.07 00:00,1.14346,1.15904,1.13964,1.15765,182072
2014.12.14 00:00,1.15884,1.16725,1.15476,1.16043,194938
2014.12.21 00:00,1.15974,1.16663,1.15774,1.16262,77567
2014.12.28 00:00,1.16143,1.17850,1.15637,1.17823,93040
2015.01.04 00:00,1.17797,1.18895,1.17296,1.18617,184275
2015.01.11 00:00,1.18593,1.20458,1.18017,1.19829,230152
2015.01.18 00:00,1.19775,1.24554,1.19332,1.24247,224917
2015.01.25 00:00,1.24319,1.27983,1.23785,1.27245,238427
2015.02.01 00:00,1.26914,1.27722,1.23508,1.25155,296118
2015.02.08 00:00,1.25303,1.26968,1.24211,1.24471,249971
2015.02.15 00:00,1.24392,1.25638,1.23617,1.25342,210781
2015.02.22 00:00,1.25284,1.26627,1.23867,1.25008,246462
2015.03.01 00:00,1.24997,1.26259,1.24058,1.26206,207746
2015.03.08 00:00,1.26127,1.28229,1.25724,1.27782,262166
2015.03.15 00:00,1.27800,1.28343,1.24474,1.25559,297164
2015.03.22 00:00,1.25477,1.26201,1.24090,1.26152,274057
2015.03.29 00:00,1.25999,1.27830,1.24285,1.24869,219963
2015.04.05 00:00,1.24676,1.26660,1.23866,1.25701,221461
2015.04.12 00:00,1.25818,1.26451,1.20872,1.22401,278072
2015.04.19 00:00,1.22055,1.23047,1.21022,1.21821,223977
2015.04.26 00:00,1.21850,1.22042,1.19438,1.21653,238491
2015.05.03 00:00,1.21526,1.21797,1.19394,1.20732,233717
2015.05.10 00:00,1.20750,1.21437,1.19190,1.20139,202526
2015.05.17 00:00,1.20059,1.23212,1.20041,1.22779,209500
2015.05.24 00:00,1.22835,1.25376,1.22747,1.24471,215732
2015.05.31 00:00,1.24383,1.25623,1.23668,1.24324,233029
2015.06.07 00:00,1.24319,1.24719,1.22013,1.23108,227603
2015.06.14 00:00,1.23103,1.23597,1.21269,1.22714,190382
2015.06.21 00:00,1.22568,1.24220,1.22173,1.23135,181861
2015.06.28 00:00,1.23350,1.26326,1.23030,1.25674,205728
2015.07.05 00:00,1.25942,1.27790,1.25624,1.26634,239287
2015.07.12 00:00,1.26960,1.30070,1.26796,1.29729,217505
2015.07.19 00:00,1.29717,1.31021,1.29159,1.30417,207667
2015.07.26 00:00,1.30374,1.30943,1.28600,1.30881,241496
2015.08.02 00:00,1.30880,1.32125,1.30477,1.31337,233574
2015.08.09 00:00,1.31147,1.31814,1.29512,1.30937,260668
2015.08.16 00:00,1.30904,1.31931,1.30234,1.31812,244388
2015.08.23 00:00,1.31762,1.33523,1.31414,1.32020,336265
2015.08.30 00:00,1.32091,1.33259,1.31160,1.32765,301883
2015.09.06 00:00,1.32559,1.33090,1.31540,1.32619,224087
2015.09.13 00:00,1.32505,1.32793,1.30113,1.32215,217270
2015.09.20 00:00,1.32270,1.34156,1.31751,1.33268,232152
2015.09.27 00:00,1.33317,1.34562,1.31507,1.31530,221444
2015.10.04 00:00,1.31471,1.31744,1.29000,1.29425,230126
2015.10.11 00:00,1.29573,1.30794,1.28312,1.29160,233719
2015.10.18 00:00,1.29007,1.31974,1.28980,1.31646,222382
2015.10.25 00:00,1.31603,1.32787,1.30548,1.30677,216035
2015.11.01 00:00,1.30729,1.33171,1.30372,1.33015,203289
2015.11.08 00:00,1.32978,1.33486,1.32238,1.33252,188959
2015.11.15 00:00,1.32999,1.33700,1.32458,1.33486,201031
2015.11.22 00:00,1.33325,1.34351,1.32790,1.33725,191423
2015.11.29 00:00,1.33558,1.34154,1.32925,1.33604,228779
2015.12.06 00:00,1.33672,1.37568,1.33646,1.37528,228976
2015.12.13 00:00,1.37168,1.40006,1.36722,1.39558,263861
2015.12.20 00:00,1.39346,1.39926,1.38170,1.38477,141689
2015.12.27 00:00,1.38323,1.39391,1.38108,1.38239,155867
2016.01.03 00:00,1.38122,1.41765,1.38118,1.41734,296955
2016.01.10 00:00,1.41632,1.45530,1.40643,1.45344,326121
2016.01.17 00:00,1.46018,1.46891,1.41138,1.41225,363707
2016.01.24 00:00,1.41428,1.43247,1.39471,1.39677,382074
2016.01.31 00:00,1.39674,1.41019,1.36381,1.39132,349211
2016.02.07 00:00,1.38960,1.40155,1.37855,1.38473,482348
2016.02.14 00:00,1.38502,1.39105,1.36525,1.37688,315331
2016.02.21 00:00,1.37728,1.38583,1.35041,1.35134,308021
2016.02.28 00:00,1.35093,1.35863,1.33107,1.33123,270209
2016.03.06 00:00,1.33301,1.34454,1.31667,1.32131,286712
2016.03.13 00:00,1.32159,1.34045,1.29223,1.30149,271613
2016.03.20 00:00,1.30034,1.32950,1.30033,1.32656,236545
2016.03.27 00:00,1.32686,1.32838,1.28565,1.30127,318305
2016.04.03 00:00,1.30309,1.32178,1.29511,1.29851,275928
2016.04.10 00:00,1.29788,1.30149,1.27427,1.28136,280964
2016.04.17 00:00,1.29482,1.29888,1.25920,1.26667,288712
2016.04.24 00:00,1.26567,1.27164,1.24973,1.25483,250524
2016.05.01 00:00,1.25517,1.29509,1.24600,1.29067,277436
2016.05.08 00:00,1.29510,1.30146,1.27707,1.29357,250667
2016.05.15 00:00,1.29436,1.31611,1.28361,1.31152,244620
2016.05.22 00:00,1.31060,1.31870,1.29099,1.30300,232910
2016.05.29 00:00,1.30248,1.31429,1.29144,1.29336,221445
2016.06.05 00:00,1.29352,1.29812,1.26538,1.27720,238513
2016.06.12 00:00,1.27906,1.30846,1.27491,1.28912,266893
2016.06.19 00:00,1.28564,1.30981,1.26773,1.29992,338383
2016.06.26 00:00,1.30452,1.31193,1.28642,1.29095,279032
2016.07.03 00:00,1.29100,1.30893,1.28306,1.30381,246254
2016.07.10 00:00,1.30418,1.31389,1.28599,1.29674,251059
2016.07.17 00:00,1.29420,1.31843,1.29261,1.31317,229918
2016.07.24 00:00,1.31266,1.32526,1.30008,1.30402,229418
2016.07.31 00:00,1.30242,1.31992,1.29951,1.31760,214347
2016.08.07 00:00,1.31756,1.31892,1.29233,1.29555,194280
2016.08.14 00:00,1.29494,1.29744,1.27627,1.28645,207953
2016.08.21 00:00,1.28900,1.30109,1.28301,1.30062,200566
2016.08.28 00:00,1.29828,1.31473,1.29813,1.29840,201270
2016.09.04 00:00,1.29802,1.30519,1.28216,1.30459,194216
2016.09.11 00:00,1.30474,1.32471,1.30285,1.32114,233389
2016.09.18 00:00,1.32164,1.32418,1.29992,1.31646,218994
2016.09.25 00:00,1.31564,1.32799,1.30473,1.31153,264872
2016.10.02 00:00,1.31157,1.33119,1.30671,1.32946,223648
2016.10.09 00:00,1.32397,1.33058,1.31010,1.31422,226170
2016.10.16 00:00,1.31241,1.33538,1.30049,1.33372,200082
2016.10.23 00:00,1.33247,1.34325,1.32765,1.33942,221013
2016.10.30 00:00,1.34244,1.34649,1.33522,1.33987,206755
2016.11.06 00:00,1.33415,1.35471,1.32633,1.35371,291947
2016.11.13 00:00,1.35005,1.35876,1.33988,1.35070,255102
2016.11.20 00:00,1.34922,1.35343,1.33767,1.35182,214888
2016.11.27 00:00,1.34993,1.35363,1.32539,1.32899,229878
2016.12.04 00:00,1.32873,1.33561,1.31514,1.31762,204531
2016.12.11 00:00,1.31399,1.34164,1.30792,1.33391,215818
2016.12.18 00:00,1.33307,1.35558,1.33164,1.35356,177156
2016.12.25 00:00,1.35089,1.35975,1.34003,1.34245,154274
2017.01.01 00:00,1.34370,1.34599,1.31764,1.32369,237952
2017.01.08 00:00,1.32402,1.32932,1.30284,1.31192,248802
2017.01.15 00:00,1.31331,1.33866,1.30176,1.33109,264674
2017.01.22 00:00,1.33189,1.33339,1.30523,1.31504,245260
2017.01.29 00:00,1.31225,1.31681,1.29680,1.30284,229048
2017.02.05 00:00,1.30266,1.32113,1.30063,1.30876,205354
2017.02.12 00:00,1.30811,1.31256,1.30082,1.30914,192379
2017.02.19 00:00,1.30950,1.32088,1.30561,1.30999,206066
2017.02.26 00:00,1.30946,1.34360,1.30824,1.33749,258999
2017.03.05 00:00,1.33782,1.35340,1.33712,1.34651,220301
2017.03.12 00:00,1.34484,1.34943,1.32753,1.33430,335959
2017.03.19 00:00,1.33440,1.34083,1.32629,1.33798,175021
2017.03.26 00:00,1.33543,1.34134,1.32766,1.33179,211949
2017.04.02 00:00,1.33053,1.34549,1.32940,1.34079,241678
2017.04.09 00:00,1.33949,1.34254,1.32222,1.33231,229597
2017.04.16 00:00,1.33093,1.35247,1.32612,1.34958,150161
2017.04.23 00:00,1.34590,1.36963,1.34099,1.36509,201119
2017.04.30 00:00,1.36554,1.37926,1.36360,1.36485,231249
2017.05.07 00:00,1.36555,1.37691,1.36427,1.37093,191951
2017.05.14 00:00,1.36962,1.37215,1.35076,1.35090,257790
2017.05.21 00:00,1.35115,1.35398,1.33867,1.34456,260270
2017.05.28 00:00,1.34456,1.35462,1.34263,1.34842,190400
2017.06.04 00:00,1.34860,1.35376,1.34217,1.34637,166361
2017.06.11 00:00,1.34534,1.34695,1.31639,1.32110,211390
2017.06.18 00:00,1.32113,1.33465,1.31902,1.32681,162790
2017.06.25 00:00,1.32586,1.32694,1.29450,1.29623,284571
2017.07.02 00:00,1.29670,1.30134,1.28587,1.28759,235324
2017.07.09 00:00,1.28765,1.29425,1.26432,1.26487,218073
2017.07.16 00:00,1.26455,1.27006,1.25214,1.25398,180902
2017.07.23 00:00,1.25335,1.25757,1.24129,1.24342,246598
2017.07.30 00:00,1.24374,1.26668,1.24269,1.26484,288005
2017.08.06 00:00,1.26485,1.27518,1.26283,1.26765,262081
2017.08.13 00:00,1.26652,1.27773,1.25560,1.25817,174170
2017.08.20 00:00,1.25658,1.26061,1.24647,1.24800,161664
2017.08.27 00:00,1.24753,1.26621,1.23389,1.23929,223209
2017.09.03 00:00,1.24160,1.24252,1.20602,1.21509,227175
2017.09.10 00:00,1.21567,1.22383,1.20814,1.21951,190398
2017.09.17 00:00,1.21851,1.23892,1.21704,1.23320,228272
2017.09.24 00:00,1.23301,1.25314,1.23118,1.24648,263948
2017.10.01 00:00,1.24853,1.25974,1.24478,1.25307,196211
2017.10.08 00:00,1.25285,1.25578,1.24319,1.24656,210306
2017.10.15 00:00,1.24672,1.26292,1.24496,1.26247,169253
2017.10.22 00:00,1.26192,1.29156,1.26127,1.28109,168027
2017.10.29 00:00,1.28162,1.29138,1.27139,1.27604,206148
2017.11.05 00:00,1.27555,1.28188,1.26649,1.26862,211704
2017.11.12 00:00,1.26836,1.28227,1.26769,1.27712,196786
2017.11.19 00:00,1.27620,1.28356,1.26715,1.27008,177559
2017.11.26 00:00,1.27025,1.29084,1.26791,1.26852,220634
2017.12.03 00:00,1.26971,1.28790,1.26227,1.28486,173638
2017.12.10 00:00,1.28491,1.28936,1.27127,1.28694,229704
2017.12.17 00:00,1.28667,1.29193,1.26969,1.27251,158996
2017.12.24 00:00,1.27155,1.27271,1.25139,1.25801,104124
2017.12.31 00:00,1.25253,1.25542,1.23544,1.24126,166051
2018.01.07 00:00,1.24086,1.25896,1.23774,1.24593,220397
2018.01.14 00:00,1.24573,1.25366,1.23599,1.25016,223366
2018.01.21 00:00,1.24745,1.24957,1.22812,1.23172,281770
2018.01.28 00:00,1.23096,1.24358,1.22481,1.24246,289123
2018.02.04 00:00,1.24354,1.26862,1.23967,1.25785,262992
2018.02.11 00:00,1.25849,1.26481,1.24496,1.25563,266255
2018.02.18 00:00,1.25537,1.27554,1.25266,1.26332,174957
2018.02.25 00:00,1.26358,1.29149,1.26142,1.28809,182205
2018.03.04 00:00,1.28729,1.30002,1.28080,1.28105,223474
2018.03.11 00:00,1.28071,1.30978,1.28025,1.30962,177212
2018.03.18 00:00,1.30903,1.31238,1.28230,1.28934,213553
2018.03.25 00:00,1.28838,1.29382,1.28140,1.28905,182472
2018.04.01 00:00,1.28930,1.29426,1.27323,1.27789,184504
2018.04.08 00:00,1.27611,1.28180,1.25437,1.26128,167959
2018.04.15 00:00,1.25933,1.27578,1.25265,1.27578,163455
2018.04.22 00:00,1.27502,1.28997,1.27450,1.28278,161651
2018.04.29 00:00,1.28343,1.29167,1.28023,1.28455,187773
2018.05.06 00:00,1.28447,1.29965,1.27284,1.27924,189364
2018.05.13 00:00,1.27771,1.29236,1.27488,1.28821,186622
2018.05.20 00:00,1.28730,1.29876,1.27417,1.29707,195214
2018.05.27 00:00,1.29603,1.30460,1.28174,1.29554,188985
2018.06.03 00:00,1.29516,1.30661,1.28555,1.29238,201200
2018.06.10 00:00,1.29935,1.32016,1.29486,1.32010,185660
2018.06.17 00:00,1.31801,1.33814,1.31583,1.32643,192703
2018.06.24 00:00,1.32665,1.33853,1.31291,1.31311,206494
2018.07.01 00:00,1.31461,1.32241,1.30759,1.30907,175661
2018.07.08 00:00,1.30851,1.32167,1.30636,1.31514,172552
2018.07.15 00:00,1.31518,1.32890,1.31087,1.31389,183513
2018.07.22 00:00,1.31311,1.31904,1.30237,1.30593,178007
2018.07.29 00:00,1.30474,1.30952,1.29670,1.29899,162995
2018.08.05 00:00,1.29896,1.31523,1.29612,1.31357,172896
2018.08.12 00:00,1.31623,1.31739,1.30495,1.30592,423178
2018.08.19 00:00,1.30564,1.31022,1.29859,1.30254,428655
2018.08.26 00:00,1.30126,1.30875,1.28865,1.30412,437405
2018.09.02 00:00,1.30713,1.32254,1.30439,1.31636,428926
2018.09.09 00:00,1.31637,1.31969,1.29752,1.30301,380934
2018.09.16 00:00,1.30316,1.30636,1.28836,1.29121,420802
2018.09.23 00:00,1.29257,1.30811,1.29066,1.29075,381449
2018.09.30 00:00,1.28482,1.29542,1.27813,1.29403,369867
2018.10.07 00:00,1.29418,1.30715,1.29264,1.30188,357597
2018.10.14 00:00,1.30188,1.31319,1.29159,1.31000,286984
2018.10.21 00:00,1.30915,1.31588,1.29686,1.31025,338839
2018.10.28 00:00,1.30928,1.31699,1.30483,1.30996,264782
2018.11.04 00:00,1.30887,1.32326,1.30558,1.32006,292249
2018.11.11 00:00,1.31987,1.32635,1.31266,1.31510,331062
2018.11.18 00:00,1.31532,1.33177,1.31409,1.32307,271112
2018.11.25 00:00,1.32213,1.33592,1.31868,1.32908,276315
2018.12.02 00:00,1.32348,1.34442,1.31598,1.33168,340023
2018.12.09 00:00,1.33288,1.34237,1.32925,1.33907,306380
2018.12.16 00:00,1.33800,1.36015,1.33720,1.36015,441611
2018.12.23 00:00,1.35938,1.36608,1.35644,1.36381,295322
2018.12.30 00:00,1.36375,1.36643,1.33726,1.33730,311018
2019.01.06 00:00,1.33747,1.33864,1.31796,1.32636,274704
2019.01.13 00:00,1.32559,1.33185,1.32257,1.32638,269495
2019.01.20 00:00,1.32603,1.33743,1.32155,1.32170,263148
2019.01.27 00:00,1.32170,1.32854,1.30682,1.30978,268502
2019.02.03 00:00,1.30905,1.33289,1.30849,1.32735,242651
2019.02.10 00:00,1.32642,1.33396,1.31957,1.32461,251752
2019.02.17 00:00,1.32485,1.32807,1.31334,1.31360,272695
2019.02.24 00:00,1.31336,1.33059,1.31122,1.33054,357751
2019.03.03 00:00,1.32698,1.34670,1.32690,1.34160,316300
2019.03.10 00:00,1.34140,1.34394,1.32869,1.33374,276609
2019.03.17 00:00,1.33316,1.34288,1.32503,1.34279,281091
2019.03.24 00:00,1.34235,1.34504,1.33411,1.33507,280597
2019.03.31 00:00,1.33448,1.34028,1.32959,1.33773,225405
2019.04.07 00:00,1.33841,1.33954,1.32837,1.33263,198908
2019.04.14 00:00,1.33320,1.34026,1.32741,1.33904,194452
2019.04.21 00:00,1.33833,1.35207,1.33348,1.34547,206131
2019.04.28 00:00,1.34569,1.34887,1.33768,1.34200,198283
2019.05.05 00:00,1.34583,1.35050,1.33800,1.34125,265486
2019.05.12 00:00,1.34227,1.35130,1.34004,1.34652,229240
2019.05.19 00:00,1.34420,1.35020,1.33572,1.34407,233193
2019.05.26 00:00,1.34378,1.35645,1.34290,1.35141,244234
2019.06.02 00:00,1.35177,1.35265,1.32618,1.32657,300506
2019.06.09 00:00,1.32385,1.34223,1.32384,1.34086,258281
2019.06.16 00:00,1.34075,1.34320,1.31505,1.32230,278557
2019.06.23 00:00,1.32149,1.32158,1.30591,1.30907,231882
2019.06.30 00:00,1.30771,1.31449,1.30368,1.30754,184904
2019.07.07 00:00,1.30715,1.31437,1.30176,1.30288,209411
2019.07.14 00:00,1.30336,1.31093,1.30157,1.30568,196263
2019.07.21 00:00,1.30589,1.31988,1.30400,1.31647,164667
2019.07.28 00:00,1.31682,1.32656,1.31050,1.32006,239857
2019.08.04 00:00,1.32115,1.33441,1.31770,1.32116,341387
2019.08.11 00:00,1.32006,1.33385,1.31842,1.32674,333912
2019.08.18 00:00,1.32715,1.33452,1.32505,1.32841,270229
2019.08.25 00:00,1.32924,1.33328,1.32247,1.33081,346960
2019.09.01 00:00,1.33198,1.33822,1.31578,1.31649,305035
2019.09.08 00:00,1.31705,1.32858,1.31332,1.32858,264189
2019.09.15 00:00,1.32172,1.33099,1.32092,1.32665,281664
2019.09.22 00:00,1.32594,1.33046,1.32134,1.32358,277980
2019.09.29 00:00,1.32396,1.33473,1.32055,1.33098,300438
2019.10.06 00:00,1.33226,1.33454,1.31705,1.31973,304430
2019.10.13 00:00,1.32001,1.32391,1.31189,1.31231,129652
2019.10.20 00:00,1.31331,1.31378,1.30528,1.30595,110418
2019.10.27 00:00,1.30598,1.32077,1.30417,1.31402,119049
2019.11.03 00:00,1.31358,1.32368,1.31148,1.32254,105824
2019.11.10 00:00,1.32186,1.32701,1.32122,1.32217,81517
2019.11.17 00:00,1.32221,1.33272,1.31900,1.32998,102204
2019.11.24 00:00,1.32960,1.33185,1.32599,1.32736,94918
2019.12.01 00:00,1.32722,1.33205,1.31580,1.32506,104118
2019.12.08 00:00,1.32506,1.32646,1.31504,1.31631,98575
2019.12.15 00:00,1.31731,1.31859,1.31019,1.31477,83781
2019.12.22 00:00,1.31456,1.31760,1.30639,1.30789,53394
2019.12.29 00:00,1.30721,1.30841,1.29510,1.30016,75805
2020.01.05 00:00,1.29851,1.31042,1.29566,1.30517,102050
2020.01.12 00:00,1.30493,1.30790,1.30314,1.30667,86949
2020.01.19 00:00,1.30572,1.31711,1.30355,1.31476,96660
2020.01.26 00:00,1.31495,1.32527,1.31473,1.32324,110538
2020.02.02 00:00,1.32320,1.33205,1.32310,1.33043,117686
2020.02.09 00:00,1.32985,1.33287,1.32351,1.32510,101972
2020.02.16 00:00,1.32470,1.32780,1.32016,1.32256,96103
2020.02.23 00:00,1.32484,1.34639,1.32410,1.33916,200438
2020.03.01 00:00,1.34291,1.34389,1.33145,1.34240,222021
2020.03.08 00:00,1.35491,1.39941,1.35168,1.37992,326990
2020.03.15 00:00,1.38546,1.46679,1.37241,1.43336,353415
2020.03.22 00:00,1.43594,1.45592,1.39214,1.39722,326480
2020.03.29 00:00,1.40171,1.43488,1.40044,1.41939,265522
2020.04.05 00:00,1.42190,1.42615,1.39309,1.39479,217009
2020.04.12 00:00,1.39176,1.41819,1.38552,1.40072,200717
2020.04.19 00:00,1.40115,1.42645,1.39998,1.40931,242240
2020.04.26 00:00,1.40923,1.41162,1.38499,1.40842,194164
2020.05.03 00:00,1.40766,1.41729,1.39081,1.39233,172331
2020.05.10 00:00,1.39283,1.41408,1.39000,1.41065,178274
2020.05.17 00:00,1.40906,1.41132,1.38661,1.40006,157047
2020.05.24 00:00,1.39870,1.40072,1.37143,1.37671,189439
2020.05.31 00:00,1.37710,1.38004,1.33911,1.34200,218324
2020.06.07 00:00,1.34012,1.36661,1.33146,1.35810,258351
2020.06.14 00:00,1.36002,1.36856,1.35045,1.36032,224935
2020.06.21 00:00,1.36099,1.37151,1.34856,1.36835,174133
2020.06.28 00:00,1.36742,1.37046,1.35397,1.35420,145928
2020.07.05 00:00,1.35642,1.36312,1.34906,1.35938,147752
2020.07.12 00:00,1.35829,1.36459,1.35014,1.35813,147368
2020.07.19 00:00,1.35717,1.35994,1.33507,1.34181,142565
2020.07.26 00:00,1.34166,1.34589,1.33308,1.34103,167652
2020.08.02 00:00,1.33975,1.34508,1.32332,1.33820,150228
2020.08.09 00:00,1.33910,1.33943,1.31915,1.32665,139890
2020.08.16 00:00,1.32511,1.32621,1.31329,1.31717,136066
2020.08.23 00:00,1.31787,1.32390,1.30468,1.30987,147525
2020.08.30 00:00,1.30946,1.31613,1.29938,1.30613,183665
2020.09.06 00:00,1.30471,1.32587,1.30440,1.31768,160337
2020.09.13 00:00,1.31781,1.32465,1.31273,1.32019,142051
2020.09.20 00:00,1.31940,1.34177,1.31708,1.33923,161101
2020.09.27 00:00,1.33827,1.34201,1.32677,1.33067,159107
2020.10.04 00:00,1.32926,1.33404,1.31097,1.31189,136604
2020.10.11 00:00,1.31237,1.32588,1.30991,1.31925,143790
2020.10.18 00:00,1.31856,1.32035,1.30806,1.31255,141340
2020.10.25 00:00,1.31271,1.33893,1.31230,1.33220,180399
2020.11.01 00:00,1.33131,1.33698,1.30189,1.30590,195521
2020.11.08 00:00,1.30376,1.31716,1.29275,1.31300,159560
2020.11.15 00:00,1.31331,1.31380,1.30337,1.30911,128361
2020.11.22 00:00,1.30811,1.31121,1.29716,1.29890,141176
2020.11.29 00:00,1.29945,1.30093,1.27722,1.27841,156857
2020.12.06 00:00,1.27736,1.28330,1.27064,1.27659,148473
2020.12.13 00:00,1.27501,1.27979,1.26877,1.27817,134926
2020.12.20 00:00,1.27930,1.29557,1.27858,1.28274,117551
2020.12.27 00:00,1.28511,1.28755,1.27136,1.27477,93551
2021.01.03 00:00,1.27132,1.27975,1.26295,1.26869,276533
2021.01.10 00:00,1.27001,1.28348,1.26241,1.27352,150922
2021.01.17 00:00,1.27302,1.27989,1.25889,1.27336,139956
2021.01.24 00:00,1.27086,1.28809,1.26848,1.27749,194913
2021.01.31 00:00,1.27817,1.28696,1.27549,1.27590,177474
2021.02.07 00:00,1.27556,1.27823,1.26602,1.26901,141751
2021.02.14 00:00,1.26797,1.27458,1.25939,1.26155,154455
2021.02.21 00:00,1.26065,1.27435,1.24678,1.27435,231454
2021.02.28 00:00,1.27268,1.27367,1.25752,1.26507,243806
2021.03.07 00:00,1.26534,1.26996,1.24617,1.24745,211498
2021.03.14 00:00,1.24755,1.25473,1.23651,1.25006,153304
2021.03.21 00:00,1.25177,1.26285,1.24731,1.25707,135215
2021.03.28 00:00,1.25691,1.26468,1.25276,1.25740,107406
2021.04.04 00:00,1.25716,1.26342,1.25015,1.25266,131911
2021.04.11 00:00,1.25371,1.26294,1.24763,1.25055,116363
2021.04.18 00:00,1.25031,1.26528,1.24594,1.24737,129621
2021.04.25 00:00,1.24762,1.24901,1.22658,1.22860,123245
2021.05.02 00:00,1.22882,1.23513,1.21252,1.21255,124643
2021.05.09 00:00,1.21208,1.22021,1.20458,1.21000,184293
2021.05.16 00:00,1.21109,1.21440,1.20127,1.20647,191657
2021.05.23 00:00,1.20586,1.21413,1.20287,1.20710,164140
2021.05.30 00:00,1.20645,1.21327,1.20066,1.20742,128131
2021.06.06 00:00,1.20722,1.21767,1.20566,1.21577,132189
2021.06.13 00:00,1.21564,1.24801,1.21279,1.24715,165231
2021.06.20 00:00,1.24616,1.24864,1.22520,1.22925,152849
2021.06.27 00:00,1.22905,1.24493,1.22875,1.23210,143480
2021.07.04 00:00,1.23150,1.25899,1.23023,1.24407,172312
2021.07.11 00:00,1.24503,1.26198,1.24255,1.26131,175544
2021.07.18 00:00,1.26021,1.28074,1.25251,1.25601,202631
2021.07.25 00:00,1.25542,1.26038,1.24219,1.24670,180564
2021.08.01 00:00,1.24792,1.25805,1.24524,1.25537,154819
2021.08.08 00:00,1.25446,1.25888,1.24889,1.25140,137870
2021.08.15 00:00,1.25148,1.29485,1.25105,1.28204,182896
2021.08.22 00:00,1.28134,1.28320,1.25785,1.26114,158856
2021.08.29 00:00,1.26150,1.26530,1.24932,1.25234,153072
2021.09.05 00:00,1.25264,1.27617,1.25154,1.26928,195635
2021.09.12 00:00,1.26809,1.27717,1.26005,1.27714,217386
2021.09.19 00:00,1.27556,1.28954,1.26330,1.26507,237169
2021.09.26 00:00,1.26411,1.27742,1.25930,1.26418,263919
2021.10.03 00:00,1.26413,1.26544,1.24509,1.24734,253243
2021.10.10 00:00,1.24745,1.24981,1.23362,1.23594,186475
2021.10.17 00:00,1.23660,1.24094,1.22879,1.23626,196332
2021.10.24 00:00,1.23642,1.24312,1.23002,1.23752,235381
2021.10.31 00:00,1.23792,1.24787,1.23515,1.24535,206708
2021.11.07 00:00,1.24430,1.26041,1.23867,1.25445,211502
2021.11.14 00:00,1.25409,1.26619,1.24923,1.26390,231099
2021.11.21 00:00,1.26396,1.27990,1.26273,1.27866,247497
2021.11.28 00:00,1.27475,1.28541,1.27130,1.28413,342406
2021.12.05 00:00,1.28258,1.28425,1.26069,1.27228,236940
2021.12.12 00:00,1.27255,1.29361,1.27054,1.28891,248552
2021.12.19 00:00,1.28895,1.29633,1.27853,1.28123,290068
2021.12.26 00:00,1.28052,1.28470,1.26201,1.26556,151786
2022.01.02 00:00,1.26338,1.28133,1.26286,1.26365,213772
2022.01.09 00:00,1.26395,1.26971,1.24528,1.25418,243149
2022.01.16 00:00,1.25290,1.25869,1.24499,1.25743,281581
2022.01.23 00:00,1.25780,1.27963,1.25538,1.27665,421454
2022.01.30 00:00,1.27635,1.27870,1.26496,1.27651,289187
2022.02.06 00:00,1.27467,1.27557,1.26355,1.27340,278307
2022.02.13 00:00,1.27306,1.27835,1.26627,1.27485,343750
2022.02.20 00:00,1.27411,1.28768,1.26810,1.26988,407849
2022.02.27 00:00,1.27648,1.28092,1.25864,1.27244,419258
2022.03.06 00:00,1.27236,1.29003,1.26849,1.27511,506208
2022.03.13 00:00,1.27244,1.28709,1.25883,1.26024,383424
2022.03.20 00:00,1.26007,1.26237,1.24648,1.24737,254127
2022.03.27 00:00,1.24856,1.25921,1.24292,1.25098,274814
2022.04.03 00:00,1.25140,1.26187,1.24024,1.25695,248372
2022.04.10 00:00,1.25633,1.26756,1.25208,1.26094,288886
2022.04.17 00:00,1.26084,1.27258,1.24581,1.27091,294353
2022.04.24 00:00,1.27197,1.28793,1.26838,1.28561,366120
2022.05.01 00:00,1.28323,1.29136,1.27130,1.29078,364883
2022.05.08 00:00,1.29042,1.30762,1.28875,1.29008,449956
2022.05.15 00:00,1.29171,1.29810,1.27761,1.28353,396064
2022.05.22 00:00,1.28396,1.28846,1.27172,1.27182,366713
2022.05.29 00:00,1.27229,1.27277,1.25507,1.25877,304432
2022.06.05 00:00,1.25940,1.28122,1.25173,1.27850,322808
2022.06.12 00:00,1.27773,1.30784,1.27742,1.30258,553995
2022.06.19 00:00,1.30315,1.30354,1.28891,1.28896,353399
2022.06.26 00:00,1.28893,1.29657,1.28186,1.28812,416329
2022.07.03 00:00,1.28751,1.30831,1.28367,1.29363,385388
2022.07.10 00:00,1.29470,1.32231,1.29356,1.30231,443345
2022.07.17 00:00,1.30149,1.30246,1.28219,1.29132,433921
2022.07.24 00:00,1.29190,1.29463,1.27884,1.27954,407311
2022.07.31 00:00,1.27996,1.29843,1.27670,1.29363,415557
2022.08.07 00:00,1.29302,1.29496,1.27271,1.27729,249525
2022.08.14 00:00,1.27690,1.30083,1.27651,1.29891,270562
2022.08.21 00:00,1.29817,1.30627,1.28945,1.30355,299635
2022.08.28 00:00,1.30314,1.32075,1.29714,1.31246,378238
2022.09.04 00:00,1.31263,1.32085,1.29814,1.30191,426855
2022.09.11 00:00,1.30403,1.33073,1.29533,1.32607,466109
2022.09.18 00:00,1.32611,1.36119,1.32267,1.35884,528774
2022.09.25 00:00,1.35996,1.38369,1.35585,1.38255,808627
2022.10.02 00:00,1.38121,1.38237,1.35022,1.37327,723409
2022.10.09 00:00,1.37252,1.39769,1.37022,1.38805,692716
2022.10.16 00:00,1.38702,1.38784,1.36292,1.36420,635186
2022.10.23 00:00,1.36292,1.37737,1.34947,1.36023,668747
2022.10.30 00:00,1.36098,1.38076,1.34685,1.34791,541532
2022.11.06 00:00,1.35296,1.35706,1.32356,1.32520,608082
2022.11.13 00:00,1.32743,1.34085,1.32254,1.33842,612522
2022.11.20 00:00,1.33686,1.34944,1.33158,1.33723,402090
2022.11.27 00:00,1.33975,1.36451,1.33762,1.34716,553782
2022.12.04 00:00,1.34572,1.36994,1.33845,1.36429,532482
2022.12.11 00:00,1.36289,1.37046,1.35179,1.36960,556432
2022.12.18 00:00,1.36735,1.37032,1.35623,1.35942,543021
2022.12.25 00:00,1.35751,1.36109,1.34835,1.35436,362080
2023.01.01 00:00,1.35432,1.36844,1.34327,1.34434,479300
2023.01.08 00:00,1.34396,1.34586,1.33208,1.33936,505187
2023.01.15 00:00,1.33802,1.35199,1.33499,1.33775,449036
2023.01.22 00:00,1.33808,1.34274,1.32998,1.33092,423878
2023.01.29 00:00,1.33110,1.34711,1.32617,1.34019,515922
2023.02.05 00:00,1.34110,1.34751,1.33374,1.33451,494339
2023.02.12 00:00,1.33437,1.35369,1.32730,1.34720,452521
2023.02.19 00:00,1.34794,1.36646,1.34406,1.36068,381518
2023.02.26 00:00,1.36093,1.36584,1.35336,1.35976,411897
2023.03.05 00:00,1.36009,1.38612,1.35814,1.38226,419273
2023.03.12 00:00,1.37982,1.38147,1.36511,1.37338,575554
2023.03.19 00:00,1.37195,1.38040,1.36300,1.37396,366302
2023.03.26 00:00,1.37313,1.37444,1.35071,1.35135,261681
2023.04.02 00:00,1.34914,1.35358,1.34055,1.35095,199038
2023.04.09 00:00,1.35230,1.35531,1.33004,1.33577,228547
2023.04.16 00:00,1.33548,1.35626,1.33420,1.35391,249270
2023.04.23 00:00,1.35279,1.36672,1.35221,1.35409,323132
2023.04.30 00:00,1.35314,1.36387,1.33706,1.33732,372448
2023.05.07 00:00,1.33786,1.35646,1.33144,1.35562,321246
2023.05.14 00:00,1.35390,1.35671,1.34035,1.34955,317397
2023.05.21 00:00,1.34980,1.36541,1.34839,1.36148,305076
2023.05.28 00:00,1.36064,1.36508,1.34062,1.34268,284634
2023.06.04 00:00,1.34192,1.34609,1.33126,1.33393,316697
2023.06.11 00:00,1.33335,1.33832,1.31769,1.31961,335398
2023.06.18 00:00,1.31919,1.32694,1.31382,1.31800,358208
2023.06.25 00:00,1.31785,1.32848,1.31162,1.32415,340404
2023.07.02 00:00,1.32372,1.33862,1.32027,1.32749,258050
2023.07.09 00:00,1.32665,1.33039,1.30919,1.32138,334791
2023.07.16 00:00,1.32098,1.32428,1.31188,1.32223,303983
2023.07.23 00:00,1.32138,1.32491,1.31465,1.32488,292053
2023.07.30 00:00,1.32327,1.33930,1.31507,1.33752,298973
2023.08.06 00:00,1.33636,1.35011,1.33551,1.34414,331428
2023.08.13 00:00,1.34308,1.35742,1.34308,1.35508,397376
2023.08.20 00:00,1.35425,1.36393,1.34955,1.36030,427312
2023.08.27 00:00,1.35844,1.36367,1.34884,1.35883,383035
2023.09.03 00:00,1.35873,1.36938,1.35748,1.36384,316571
2023.09.10 00:00,1.36307,1.36359,1.34927,1.35211,367561
2023.09.17 00:00,1.35159,1.35274,1.33783,1.34802,363534
2023.09.24 00:00,1.34702,1.35840,1.34161,1.35760,354142
2023.10.01 00:00,1.35715,1.37846,1.35585,1.36571,424929
2023.10.08 00:00,1.36674,1.36999,1.35685,1.36523,364694
2023.10.15 00:00,1.36416,1.37401,1.36033,1.37119,339161
2023.10.22 00:00,1.37035,1.38799,1.36604,1.38723,347802
2023.10.29 00:00,1.38530,1.38985,1.36521,1.36523,313053
2023.11.05 00:00,1.36523,1.38543,1.36286,1.37955,311082
2023.11.12 00:00,1.37935,1.38428,1.36540,1.37134,308618
2023.11.19 00:00,1.37093,1.37647,1.35933,1.36308,286745
2023.11.26 00:00,1.36312,1.36603,1.34863,1.34940,345283
2023.12.03 00:00,1.34995,1.36187,1.34794,1.35786,350965
2023.12.10 00:00,1.35797,1.36179,1.33496,1.33732,336680
2023.12.17 00:00,1.33677,1.34086,1.32184,1.32603,287303
2023.12.24 00:00,1.32503,1.32645,1.31765,1.32448,182345
2023.12.31 00:00,1.32313,1.33983,1.32280,1.33548,275220
2024.01.07 00:00,1.33470,1.34423,1.33398,1.34054,312327
2024.01.14 00:00,1.34016,1.35412,1.33812,1.34257,320109
2024.01.21 00:00,1.34303,1.35338,1.34134,1.34489,306431
2024.01.28 00:00,1.34501,1.34748,1.33579,1.34625,342976
2024.02.04 00:00,1.34583,1.35435,1.34123,1.34574,316446
2024.02.11 00:00,1.34581,1.35854,1.34296,1.34813,290815
2024.02.18 00:00,1.34762,1.35354,1.34401,1.35042,288154
2024.02.25 00:00,1.34900,1.36055,1.34839,1.35567,305703
2024.03.03 00:00,1.35477,1.36043,1.34192,1.34815,327646
2024.03.10 00:00,1.34788,1.35512,1.34583,1.35367,316898
2024.03.17 00:00,1.35336,1.36130,1.34549,1.36052,303915
2024.03.24 00:00,1.35958,1.36131,1.35241,1.35343,232799
2024.03.31 00:00,1.35324,1.36465,1.34770,1.35889,277826
2024.04.07 00:00,1.35873,1.37861,1.35463,1.37721,337208
2024.04.14 00:00,1.37728,1.38451,1.37225,1.37483,400906
2024.04.21 00:00,1.37428,1.37518,1.36319,1.36682,309565
2024.04.28 00:00,1.36732,1.37837,1.36089,1.36847,339824
2024.05.05 00:00,1.36739,1.37615,1.36294,1.36699,271079
2024.05.12 00:00,1.36648,1.36893,1.35888,1.36099,252932
2024.05.19 00:00,1.36124,1.37425,1.35951,1.36622,301802
2024.05.26 00:00,1.36624,1.37338,1.36137,1.36248,300545
2024.06.02 00:00,1.36257,1.37663,1.36018,1.37629,367005
2024.06.09 00:00,1.37563,1.37908,1.36790,1.37328,370887
2024.06.16 00:00,1.37280,1.37635,1.36732,1.36912,287187
2024.06.23 00:00,1.36880,1.37332,1.36203,1.36779,277129
2024.06.30 00:00,1.36690,1.37542,1.36015,1.36405,261597
2024.07.07 00:00,1.36426,1.36474,1.35877,1.36335,312928
2024.07.14 00:00,1.36427,1.37469,1.36245,1.37276,364843
2024.07.21 00:00,1.37140,1.38479,1.37043,1.38366,332633
2024.07.28 00:00,1.38284,1.38881,1.37862,1.38706,419190
2024.08.04 00:00,1.38626,1.39456,1.37168,1.37277,570962
2024.08.11 00:00,1.37326,1.37469,1.36767,1.36767,278039
2024.08.18 00:00,1.36780,1.36842,1.34979,1.35064,222145
2024.08.25 00:00,1.35025,1.35146,1.34383,1.34906,238639
2024.09.01 00:00,1.34839,1.35814,1.34647,1.35695,274228
2024.09.08 00:00,1.35583,1.36218,1.35452,1.35872,284037
2024.09.15 00:00,1.35939,1.36465,1.35320,1.35683,351154
2024.09.22 00:00,1.35548,1.35811,1.34185,1.35134,343721
2024.09.29 00:00,1.35064,1.35901,1.34713,1.35761,339373
2024.10.06 00:00,1.35704,1.37825,1.35607,1.37624,273211
2024.10.13 00:00,1.37515,1.38375,1.37460,1.38020,253614
2024.10.20 00:00,1.37979,1.38965,1.37967,1.38926,275078
2024.10.27 00:00,1.38844,1.39579,1.38755,1.39466,294474
2024.11.03 00:00,1.39206,1.39576,1.38151,1.39050,328138
2024.11.10 00:00,1.39080,1.41046,1.39039,1.40882,287727
2024.11.17 00:00,1.40855,1.41016,1.39303,1.39748,280056
2024.11.24 00:00,1.39464,1.41768,1.39263,1.39962,285186
2024.12.01 00:00,1.39887,1.41638,1.39887,1.41531,277475
2024.12.08 00:00,1.41486,1.42441,1.40925,1.42294,302346
2024.12.15 00:00,1.42245,1.44660,1.42159,1.43685,354604
2024.12.22 00:00,1.43610,1.44487,1.43478,1.44062,183562
2024.12.29 00:00,1.44098,1.44625,1.43370,1.44471,242153
2025.01.05 00:00,1.44361,1.44485,1.42787,1.44182,361861
2025.01.12 00:00,1.44201,1.44840,1.43012,1.44773,352786
2025.01.19 00:00,1.44587,1.45148,1.42601,1.43377,415390
2025.01.26 00:00,1.43580,1.45933,1.43324,1.45328,459200
2025.02.02 00:00,1.47326,1.47923,1.42686,1.42856,487831
2025.02.09 00:00,1.43518,1.43777,1.41499,1.41676,381174
2025.02.16 00:00,1.41655,1.42447,1.41585,1.42216,389292
2025.02.23 00:00,1.42165,1.44712,1.41809,1.44662,543501
2025.03.02 00:00,1.44404,1.45420,1.42390,1.43609,636120
2025.03.09 00:00,1.43611,1.45204,1.43521,1.43605,600392
2025.03.16 00:00,1.43724,1.44008,1.42634,1.43500,409643
2025.03.23 00:00,1.43479,1.43500,1.42340,1.43083,369109
2025.03.30 00:00,1.43006,1.44142,1.40261,1.42196,582502
2025.04.06 00:00,1.42607,1.42952,1.38385,1.38547,925858
2025.04.13 00:00,1.38535,1.39767,1.38264,1.38403,532274
2025.04.20 00:00,1.38425,1.39040,1.37803,1.38488,415613
2025.04.27 00:00,1.38609,1.38916,1.37589,1.38150,344772
2025.05.04 00:00,1.37935,1.39435,1.37493,1.39344,337894
2025.05.11 00:00,1.38914,1.40155,1.38904,1.39668,325839
2025.05.18 00:00,1.39653,1.39717,1.37084,1.37229,313278
2025.05.25 00:00,1.37266,1.38608,1.36852,1.37342,295627
2025.06.01 00:00,1.37323,1.37422,1.36333,1.36936,302884
2025.06.08 00:00,1.36875,1.37274,1.35652,1.35780,320600
2025.06.15 00:00,1.35779,1.37459,1.35389,1.37297,344772
2025.06.22 00:00,1.37410,1.37971,1.36167,1.36809,360610
2025.06.29 00:00,1.36845,1.36988,1.35556,1.35999,319193
2025.07.06 00:00,1.35888,1.37295,1.35833,1.36852,283104
2025.07.13 00:00,1.36976,1.37735,1.36688,1.37257,236663
2025.07.20 00:00,1.37093,1.37336,1.35745,1.36980,228832
2025.07.27 00:00,1.37012,1.38783,1.36877,1.37811,307748
2025.08.03 00:00,1.37729,1.38094,1.37206,1.37533,232316
2025.08.10 00:00,1.37488,1.38189,1.37436,1.38163,197385
2025.08.17 00:00,1.38113,1.39237,1.37821,1.38228,175237
2025.08.24 00:00,1.38153,1.38669,1.37254,1.37415,190107
2025.08.31 00:00,1.37254,1.38531,1.37254,1.38230,234898
2025.09.07 00:00,1.38270,1.38903,1.37873,1.38442,222631
2025.09.14 00:00,1.38378,1.38446,1.37255,1.37783,235353
2025.09.21 00:00,1.37746,1.39576,1.37727,1.39420,200482
2025.09.28 00:00,1.39268,1.39853,1.38954,1.39479,185510
2025.10.05 00:00,1.39508,1.40331,1.39308,1.39998,203996
2025.10.12 00:00,1.39853,1.40790,1.39821,1.40219,238392
2025.10.19 00:00,1.40130,1.40649,1.39719,1.39939,188173
2025.10.26 00:00,1.40066,1.40344,1.38870,1.40110,223061
2025.11.02 00:00,1.40084,1.41395,1.40012,1.40449,196450
2025.11.09 00:00,1.40494,1.40494,1.39842,1.40237,226501
2025.11.16 00:00,1.40069,1.41300,1.39704,1.41015,264125
2025.11.23 00:00,1.40923,1.41239,1.39372,1.39698,285670
2025.11.30 00:00,1.39722,1.40135,1.38183,1.38185,218238
2025.12.07 00:00,1.38231,1.38709,1.37525,1.37698,242357
2025.12.14 00:00,1.37611,1.38048,1.37294,1.38000,235266
2025.12.21 00:00,1.37883,1.38027,1.36415,1.36718,150099
2025.12.28 00:00,1.36606,1.37467,1.36565,1.37301,152482
2026.01.04 00:00,1.37293,1.39188,1.37293,1.39136,249141
2026.01.11 00:00,1.39078,1.39278,1.38538,1.39154,242674
2026.01.18 00:00,1.39059,1.39162,1.36925,1.36981,271932
2026.01.25 00:00,1.36942,1.37384,1.34804,1.36172,456379
2026.02.01 00:00,1.36060,1.37015,1.36028,1.36614,250564
