Asset,TimeFrame,Time,Open,High,Low,Close,Year,Quarter,Month,Week
AUDUSD,W1,2007-06-03 04:00,0.84090,0.84760,0.83650,0.84470,2007,2,6,22
AUDUSD,W1,2007-06-10 04:00,0.84410,0.84450,0.83320,0.84200,2007,2,6,23
AUDUSD,W1,2007-06-17 04:00,0.84170,0.84920,0.83960,0.84710,2007,2,6,24
AUDUSD,W1,2007-06-24 04:00,0.84730,0.85200,0.83550,0.84910,2007,2,6,25
AUDUSD,W1,2007-07-01 04:00,0.84820,0.86080,0.84750,0.85790,2007,3,7,26
AUDUSD,W1,2007-07-08 04:00,0.85800,0.87150,0.85640,0.87100,2007,3,7,27
AUDUSD,W1,2007-07-15 04:00,0.87130,0.88330,0.86920,0.88010,2007,3,7,28
AUDUSD,W1,2007-07-22 04:00,0.87990,0.88700,0.85090,0.85180,2007,3,7,29
AUDUSD,W1,2007-07-29 04:00,0.85060,0.86130,0.84450,0.85460,2007,3,7,30
AUDUSD,W1,2007-08-05 04:00,0.85500,0.86610,0.84000,0.84440,2007,3,8,31
AUDUSD,W1,2007-08-12 04:00,0.84490,0.85040,0.76730,0.79750,2007,3,8,32
AUDUSD,W1,2007-08-19 04:00,0.79960,0.82710,0.78910,0.82710,2007,3,8,33
AUDUSD,W1,2007-08-26 04:00,0.82680,0.83330,0.80510,0.81840,2007,3,8,34
AUDUSD,W1,2007-09-02 04:00,0.81580,0.83080,0.81570,0.82640,2007,3,9,35
AUDUSD,W1,2007-09-09 04:00,0.82630,0.84370,0.81720,0.84180,2007,3,9,36
AUDUSD,W1,2007-09-16 04:00,0.84130,0.87020,0.82740,0.86660,2007,3,9,37
AUDUSD,W1,2007-09-23 04:00,0.86620,0.88860,0.86100,0.88770,2007,3,9,38
AUDUSD,W1,2007-09-30 04:00,0.88860,0.90030,0.87940,0.89730,2007,3,9,39
AUDUSD,W1,2007-10-07 04:00,0.89880,0.90590,0.89120,0.90430,2007,4,10,40
AUDUSD,W1,2007-10-14 04:00,0.90460,0.90760,0.88160,0.89020,2007,4,10,41
AUDUSD,W1,2007-10-21 04:00,0.88990,0.91850,0.87500,0.91820,2007,4,10,42
AUDUSD,W1,2007-10-28 04:00,0.91910,0.93440,0.91060,0.92310,2007,4,10,43
AUDUSD,W1,2007-11-04 04:00,0.92210,0.94000,0.90990,0.91140,2007,4,11,44
AUDUSD,W1,2007-11-11 04:00,0.90700,0.90890,0.87530,0.89270,2007,4,11,45
AUDUSD,W1,2007-11-18 04:00,0.89610,0.89960,0.86510,0.87760,2007,4,11,46
AUDUSD,W1,2007-11-25 04:00,0.88120,0.89190,0.86660,0.88420,2007,4,11,47
AUDUSD,W1,2007-12-02 04:00,0.88440,0.88540,0.86590,0.87600,2007,4,12,48
AUDUSD,W1,2007-12-09 04:00,0.87520,0.89060,0.86020,0.86050,2007,4,12,49
AUDUSD,W1,2007-12-16 04:00,0.86200,0.86970,0.85520,0.86720,2007,4,12,50
AUDUSD,W1,2007-12-23 04:00,0.86630,0.87910,0.86630,0.87610,2007,4,12,51
AUDUSD,W1,2007-12-30 04:00,0.87670,0.88470,0.86989,0.87200,2007,4,12,52
AUDUSD,W1,2008-01-06 04:00,0.87065,0.89744,0.86819,0.89063,2008,1,1,1
AUDUSD,W1,2008-01-13 04:00,0.88850,0.90180,0.86984,0.87896,2008,1,1,2
AUDUSD,W1,2008-01-20 04:00,0.87816,0.88523,0.85108,0.87945,2008,1,1,3
AUDUSD,W1,2008-01-27 04:00,0.87955,0.90460,0.87660,0.90409,2008,1,1,4
AUDUSD,W1,2008-02-03 04:00,0.90220,0.90994,0.88730,0.89532,2008,1,2,5
AUDUSD,W1,2008-02-10 04:00,0.89665,0.90971,0.89220,0.90885,2008,1,2,6
AUDUSD,W1,2008-02-17 04:00,0.90700,0.92500,0.90640,0.92359,2008,1,2,7
AUDUSD,W1,2008-02-24 04:00,0.92340,0.94960,0.92150,0.93070,2008,1,2,8
AUDUSD,W1,2008-03-02 04:00,0.93142,0.94210,0.92170,0.92661,2008,1,3,9
AUDUSD,W1,2008-03-09 04:00,0.92675,0.94702,0.91469,0.93716,2008,1,3,10
AUDUSD,W1,2008-03-16 04:00,0.93780,0.94470,0.89518,0.90198,2008,1,3,11
AUDUSD,W1,2008-03-23 04:00,0.90099,0.92521,0.89774,0.91770,2008,1,3,12
AUDUSD,W1,2008-03-30 04:00,0.91635,0.92280,0.90297,0.92272,2008,1,3,13
AUDUSD,W1,2008-04-06 04:00,0.92195,0.93450,0.91768,0.92770,2008,2,4,14
AUDUSD,W1,2008-04-13 04:00,0.92630,0.94003,0.92047,0.93464,2008,2,4,15
AUDUSD,W1,2008-04-20 04:00,0.93265,0.95405,0.92900,0.93319,2008,2,4,16
AUDUSD,W1,2008-04-27 04:00,0.93290,0.94710,0.92720,0.93500,2008,2,4,17
AUDUSD,W1,2008-05-04 04:00,0.93550,0.95040,0.93400,0.94320,2008,2,5,18
AUDUSD,W1,2008-05-11 04:00,0.94020,0.95570,0.92890,0.95490,2008,2,5,19
AUDUSD,W1,2008-05-18 04:00,0.95640,0.96510,0.95080,0.95900,2008,2,5,20
AUDUSD,W1,2008-05-25 04:00,0.95920,0.96360,0.95100,0.95580,2008,2,5,21
AUDUSD,W1,2008-06-01 04:00,0.95430,0.96390,0.94840,0.96250,2008,2,6,22
AUDUSD,W1,2008-06-08 04:00,0.96120,0.96440,0.93250,0.93890,2008,2,6,23
AUDUSD,W1,2008-06-15 04:00,0.93900,0.95640,0.93680,0.95300,2008,2,6,24
AUDUSD,W1,2008-06-22 04:00,0.95370,0.96310,0.94910,0.96030,2008,2,6,25
AUDUSD,W1,2008-06-29 04:00,0.96050,0.96650,0.95090,0.96310,2008,2,6,26
AUDUSD,W1,2008-07-06 04:00,0.96250,0.97150,0.94730,0.96610,2008,3,7,27
AUDUSD,W1,2008-07-13 04:00,0.97050,0.98480,0.96610,0.96990,2008,3,7,28
AUDUSD,W1,2008-07-20 04:00,0.97210,0.97900,0.95360,0.95600,2008,3,7,29
AUDUSD,W1,2008-07-27 04:00,0.95530,0.95920,0.92830,0.92900,2008,3,7,30
AUDUSD,W1,2008-08-03 04:00,0.92860,0.93440,0.88640,0.88920,2008,3,8,31
AUDUSD,W1,2008-08-10 04:00,0.88850,0.89500,0.85890,0.86600,2008,3,8,32
AUDUSD,W1,2008-08-17 04:00,0.86650,0.88100,0.86220,0.86640,2008,3,8,33
AUDUSD,W1,2008-08-24 04:00,0.86510,0.86910,0.84910,0.85770,2008,3,8,34
AUDUSD,W1,2008-08-31 04:00,0.85670,0.85780,0.80270,0.81520,2008,3,8,35
AUDUSD,W1,2008-09-07 04:00,0.82690,0.83510,0.78980,0.82340,2008,3,9,36
AUDUSD,W1,2008-09-14 04:00,0.82040,0.83600,0.77990,0.83560,2008,3,9,37
AUDUSD,W1,2008-09-21 04:00,0.83650,0.85170,0.82370,0.83000,2008,3,9,38
AUDUSD,W1,2008-09-28 04:00,0.82790,0.83280,0.76960,0.77380,2008,3,9,39
AUDUSD,W1,2008-10-05 04:00,0.77150,0.77180,0.63300,0.64770,2008,4,10,40
AUDUSD,W1,2008-10-12 04:00,0.67840,0.72360,0.64960,0.68860,2008,4,10,41
AUDUSD,W1,2008-10-19 04:00,0.69140,0.70620,0.60560,0.62200,2008,4,10,42
AUDUSD,W1,2008-10-26 04:00,0.61300,0.68900,0.60080,0.66750,2008,4,10,43
AUDUSD,W1,2008-11-02 04:00,0.66760,0.70130,0.65440,0.67620,2008,4,11,44
AUDUSD,W1,2008-11-09 04:00,0.68560,0.69810,0.63390,0.65390,2008,4,11,45
AUDUSD,W1,2008-11-16 04:00,0.63650,0.65940,0.60740,0.62980,2008,4,11,46
AUDUSD,W1,2008-11-23 04:00,0.63310,0.66150,0.62310,0.65480,2008,4,11,47
AUDUSD,W1,2008-11-30 04:00,0.65300,0.65370,0.62910,0.64770,2008,4,11,48
AUDUSD,W1,2008-12-07 04:00,0.64850,0.67990,0.64550,0.66090,2008,4,12,49
AUDUSD,W1,2008-12-14 04:00,0.66350,0.71370,0.66080,0.68010,2008,4,12,50
AUDUSD,W1,2008-12-21 04:00,0.68280,0.68920,0.67590,0.68430,2008,4,12,51
AUDUSD,W1,2008-12-28 04:00,0.68730,0.71160,0.68350,0.71120,2008,4,12,52
AUDUSD,W1,2009-01-04 04:00,0.71220,0.72660,0.69560,0.70300,2009,1,1,1
AUDUSD,W1,2009-01-11 04:00,0.69890,0.70010,0.65370,0.67290,2009,1,1,2
AUDUSD,W1,2009-01-18 04:00,0.67630,0.68400,0.64170,0.65370,2009,1,1,3
AUDUSD,W1,2009-01-25 04:00,0.65750,0.67300,0.63450,0.63540,2009,1,1,4
AUDUSD,W1,2009-02-01 04:00,0.63530,0.68010,0.62470,0.67520,2009,1,2,5
AUDUSD,W1,2009-02-08 04:00,0.67530,0.68480,0.64300,0.65650,2009,1,2,6
AUDUSD,W1,2009-02-15 04:00,0.65440,0.65440,0.63320,0.64510,2009,1,2,7
AUDUSD,W1,2009-02-22 04:00,0.64280,0.65530,0.63390,0.63860,2009,1,2,8
AUDUSD,W1,2009-03-01 04:00,0.63620,0.65250,0.62850,0.64010,2009,1,3,9
AUDUSD,W1,2009-03-08 04:00,0.64020,0.66020,0.63050,0.65810,2009,1,3,10
AUDUSD,W1,2009-03-15 04:00,0.65490,0.69420,0.65270,0.68660,2009,1,3,11
AUDUSD,W1,2009-03-22 04:00,0.68970,0.70930,0.68650,0.69400,2009,1,3,12
AUDUSD,W1,2009-03-29 04:00,0.69050,0.72280,0.67690,0.71540,2009,1,3,13
AUDUSD,W1,2009-04-05 04:00,0.71460,0.72080,0.70320,0.71930,2009,2,4,14
AUDUSD,W1,2009-04-12 04:00,0.72710,0.73230,0.71370,0.72080,2009,2,4,15
AUDUSD,W1,2009-04-19 04:00,0.72450,0.72460,0.69520,0.72290,2009,2,4,16
AUDUSD,W1,2009-04-26 04:00,0.72190,0.73820,0.69890,0.73030,2009,2,4,17
AUDUSD,W1,2009-05-03 04:00,0.73180,0.77060,0.73130,0.76850,2009,2,5,18
AUDUSD,W1,2009-05-10 04:00,0.76880,0.77120,0.74650,0.74900,2009,2,5,19
AUDUSD,W1,2009-05-17 04:00,0.74850,0.78670,0.74500,0.78300,2009,2,5,20
AUDUSD,W1,2009-05-24 04:00,0.78110,0.80140,0.77020,0.80090,2009,2,5,21
AUDUSD,W1,2009-05-31 04:00,0.80360,0.82620,0.78930,0.79310,2009,2,5,22
AUDUSD,W1,2009-06-07 04:00,0.79530,0.82350,0.78260,0.81220,2009,2,6,23
AUDUSD,W1,2009-06-14 04:00,0.80900,0.81160,0.78500,0.80550,2009,2,6,24
AUDUSD,W1,2009-06-21 04:00,0.80470,0.80850,0.77880,0.80740,2009,2,6,25
AUDUSD,W1,2009-06-28 04:00,0.80750,0.81540,0.79010,0.79700,2009,2,6,26
AUDUSD,W1,2009-07-05 04:00,0.79460,0.80360,0.77230,0.77860,2009,3,7,27
AUDUSD,W1,2009-07-12 04:00,0.77880,0.80700,0.77020,0.80210,2009,3,7,28
AUDUSD,W1,2009-07-19 04:00,0.80050,0.82200,0.80030,0.81710,2009,3,7,29
AUDUSD,W1,2009-07-26 04:00,0.81880,0.83650,0.81250,0.83570,2009,3,7,30
AUDUSD,W1,2009-08-02 04:00,0.83550,0.84680,0.83390,0.83720,2009,3,8,31
AUDUSD,W1,2009-08-09 04:00,0.83380,0.84760,0.81790,0.83250,2009,3,8,32
AUDUSD,W1,2009-08-16 04:00,0.82930,0.83940,0.81540,0.83460,2009,3,8,33
AUDUSD,W1,2009-08-23 04:00,0.83620,0.84690,0.82380,0.84100,2009,3,8,34
AUDUSD,W1,2009-08-30 04:00,0.84130,0.85340,0.82390,0.85050,2009,3,8,35
AUDUSD,W1,2009-09-06 04:00,0.85130,0.86740,0.85090,0.86320,2009,3,9,36
AUDUSD,W1,2009-09-13 04:00,0.86220,0.87740,0.85430,0.86730,2009,3,9,37
AUDUSD,W1,2009-09-20 04:00,0.86700,0.87870,0.85890,0.86770,2009,3,9,38
AUDUSD,W1,2009-09-27 04:00,0.86630,0.88580,0.85670,0.86490,2009,3,9,39
AUDUSD,W1,2009-10-04 04:00,0.86620,0.90880,0.86460,0.90360,2009,4,10,40
AUDUSD,W1,2009-10-11 04:00,0.90410,0.92690,0.89820,0.91630,2009,4,10,41
AUDUSD,W1,2009-10-18 04:00,0.91380,0.93260,0.91120,0.92220,2009,4,10,42
AUDUSD,W1,2009-10-25 04:00,0.92020,0.92750,0.89420,0.89970,2009,4,10,43
AUDUSD,W1,2009-11-01 04:00,0.89660,0.91960,0.89050,0.91870,2009,4,11,44
AUDUSD,W1,2009-11-08 04:00,0.92290,0.93680,0.91940,0.93280,2009,4,11,45
AUDUSD,W1,2009-11-15 04:00,0.93360,0.94040,0.90590,0.91450,2009,4,11,46
AUDUSD,W1,2009-11-22 04:00,0.91470,0.93210,0.89450,0.90610,2009,4,11,47
AUDUSD,W1,2009-11-29 04:00,0.91250,0.93210,0.90950,0.91450,2009,4,11,48
AUDUSD,W1,2009-12-06 04:00,0.91310,0.91940,0.90140,0.91250,2009,4,12,49
AUDUSD,W1,2009-12-13 04:00,0.91130,0.91730,0.88090,0.88990,2009,4,12,50
AUDUSD,W1,2009-12-20 04:00,0.89080,0.89100,0.87490,0.88257,2009,4,12,51
AUDUSD,W1,2009-12-27 04:00,0.88364,0.90094,0.88257,0.89621,2009,4,12,52
AUDUSD,W1,2010-01-03 04:00,0.89840,0.92644,0.89369,0.92454,2010,1,1,1
AUDUSD,W1,2010-01-10 04:00,0.92785,0.93279,0.91689,0.92257,2010,1,1,1
AUDUSD,W1,2010-01-17 04:00,0.92146,0.92774,0.89810,0.90038,2010,1,1,2
AUDUSD,W1,2010-01-24 04:00,0.90144,0.90915,0.88320,0.88354,2010,1,1,3
AUDUSD,W1,2010-01-31 04:00,0.87901,0.89254,0.85764,0.86820,2010,1,1,4
AUDUSD,W1,2010-02-07 04:00,0.87034,0.89188,0.86117,0.88751,2010,1,2,5
AUDUSD,W1,2010-02-14 04:00,0.88776,0.90345,0.88468,0.89867,2010,1,2,6
AUDUSD,W1,2010-02-21 04:00,0.89991,0.90694,0.87993,0.89516,2010,1,2,7
AUDUSD,W1,2010-02-28 04:00,0.89805,0.90914,0.89336,0.90751,2010,1,2,8
AUDUSD,W1,2010-03-07 04:00,0.90675,0.91923,0.90537,0.91506,2010,1,3,9
AUDUSD,W1,2010-03-14 04:00,0.91797,0.92503,0.90936,0.91560,2010,1,3,10
AUDUSD,W1,2010-03-21 04:00,0.91545,0.91965,0.89997,0.90400,2010,1,3,11
AUDUSD,W1,2010-03-28 04:00,0.90545,0.92150,0.90314,0.91890,2010,1,3,12
AUDUSD,W1,2010-04-04 04:00,0.91955,0.93444,0.91636,0.93285,2010,2,4,13
AUDUSD,W1,2010-04-11 04:00,0.93560,0.93870,0.92217,0.92402,2010,2,4,14
AUDUSD,W1,2010-04-18 04:00,0.92110,0.93362,0.91556,0.92762,2010,2,4,15
AUDUSD,W1,2010-04-25 04:00,0.92570,0.93225,0.91339,0.92411,2010,2,4,16
AUDUSD,W1,2010-05-02 04:00,0.92343,0.92734,0.87096,0.88776,2010,2,5,17
AUDUSD,W1,2010-05-09 04:00,0.90108,0.90766,0.88488,0.88565,2010,2,5,18
AUDUSD,W1,2010-05-16 04:00,0.88490,0.88603,0.80708,0.83231,2010,2,5,19
AUDUSD,W1,2010-05-23 04:00,0.83159,0.85494,0.80645,0.84719,2010,2,5,20
AUDUSD,W1,2010-05-30 04:00,0.84545,0.85204,0.82112,0.82316,2010,2,5,21
AUDUSD,W1,2010-06-06 04:00,0.81992,0.85075,0.80806,0.85013,2010,2,6,22
AUDUSD,W1,2010-06-13 04:00,0.85296,0.87285,0.85040,0.87179,2010,2,6,23
AUDUSD,W1,2010-06-20 04:00,0.88162,0.88575,0.85938,0.87377,2010,2,6,24
AUDUSD,W1,2010-06-27 04:00,0.87333,0.87749,0.83141,0.84148,2010,2,6,25
AUDUSD,W1,2010-07-04 04:00,0.84173,0.87890,0.83152,0.87740,2010,3,7,26
AUDUSD,W1,2010-07-11 04:00,0.87736,0.88691,0.86801,0.86876,2010,3,7,27
AUDUSD,W1,2010-07-18 04:00,0.86613,0.89691,0.86315,0.89540,2010,3,7,28
AUDUSD,W1,2010-07-25 04:00,0.89559,0.90671,0.89037,0.90424,2010,3,7,29
AUDUSD,W1,2010-08-01 04:00,0.90537,0.92199,0.90435,0.91812,2010,3,8,30
AUDUSD,W1,2010-08-08 04:00,0.91897,0.92037,0.89123,0.89267,2010,3,8,31
AUDUSD,W1,2010-08-15 04:00,0.89297,0.90776,0.88395,0.89373,2010,3,8,32
AUDUSD,W1,2010-08-22 04:00,0.88633,0.89969,0.87694,0.89883,2010,3,8,33
AUDUSD,W1,2010-08-29 04:00,0.90190,0.91737,0.88588,0.91640,2010,3,8,34
AUDUSD,W1,2010-09-05 04:00,0.91528,0.92753,0.90903,0.92634,2010,3,9,35
AUDUSD,W1,2010-09-12 04:00,0.92945,0.94666,0.92867,0.93602,2010,3,9,36
AUDUSD,W1,2010-09-19 04:00,0.93765,0.96129,0.93598,0.95892,2010,3,9,37
AUDUSD,W1,2010-09-26 04:00,0.96090,0.97482,0.95574,0.97260,2010,3,9,38
AUDUSD,W1,2010-10-03 04:00,0.97285,0.99154,0.95398,0.98477,2010,4,10,39
AUDUSD,W1,2010-10-10 04:00,0.98948,1.00011,0.97649,0.99055,2010,4,10,40
AUDUSD,W1,2010-10-17 04:00,0.99264,0.99573,0.96603,0.98254,2010,4,10,41
AUDUSD,W1,2010-10-24 04:00,0.98705,0.99721,0.96503,0.98336,2010,4,10,42
AUDUSD,W1,2010-10-31 04:00,0.98481,1.01810,0.98128,1.01552,2010,4,10,43
AUDUSD,W1,2010-11-07 04:00,1.01517,1.01717,0.98237,0.98457,2010,4,11,44
AUDUSD,W1,2010-11-14 04:00,0.98885,0.99178,0.97233,0.98633,2010,4,11,45
AUDUSD,W1,2010-11-21 04:00,0.98739,0.99523,0.96109,0.96436,2010,4,11,46
AUDUSD,W1,2010-11-28 04:00,0.96812,0.99360,0.95354,0.99292,2010,4,11,47
AUDUSD,W1,2010-12-05 04:00,0.98988,0.99633,0.97509,0.98519,2010,4,12,48
AUDUSD,W1,2010-12-12 04:00,0.98388,1.00268,0.98294,0.98796,2010,4,12,49
AUDUSD,W1,2010-12-19 04:00,0.98859,1.00637,0.98613,1.00450,2010,4,12,50
AUDUSD,W1,2010-12-26 04:00,1.00044,1.02749,0.99862,1.02299,2010,4,12,51
AUDUSD,W1,2011-01-02 04:00,1.02020,1.02232,0.99059,0.99559,2011,1,1,1
AUDUSD,W1,2011-01-09 04:00,0.99264,1.00181,0.98025,0.98858,2011,1,1,1
AUDUSD,W1,2011-01-16 04:00,0.99063,1.00751,0.98305,0.98949,2011,1,1,2
AUDUSD,W1,2011-01-23 04:00,0.98787,1.00198,0.98622,0.99377,2011,1,1,3
AUDUSD,W1,2011-01-30 04:00,0.98903,1.01983,0.98652,1.01359,2011,1,1,4
AUDUSD,W1,2011-02-06 04:00,1.01312,1.01874,0.99587,1.00200,2011,1,2,5
AUDUSD,W1,2011-02-13 04:00,0.99822,1.01562,0.99421,1.01441,2011,1,2,6
AUDUSD,W1,2011-02-20 04:00,1.01365,1.01763,0.99652,1.01743,2011,1,2,7
AUDUSD,W1,2011-02-27 04:00,1.01500,1.02005,1.00735,1.01367,2011,1,2,8
AUDUSD,W1,2011-03-06 04:00,1.01458,1.01832,0.99668,1.01359,2011,1,3,9
AUDUSD,W1,2011-03-13 04:00,1.01255,1.01263,0.97042,0.99567,2011,1,3,10
AUDUSD,W1,2011-03-20 04:00,0.99557,1.02916,0.99507,1.02581,2011,1,3,11
AUDUSD,W1,2011-03-27 04:00,1.02363,1.03952,1.02026,1.03844,2011,1,3,12
AUDUSD,W1,2011-04-03 04:00,1.03965,1.05812,1.02865,1.05650,2011,2,4,13
AUDUSD,W1,2011-04-10 04:00,1.05645,1.05790,1.03879,1.05649,2011,2,4,14
AUDUSD,W1,2011-04-17 04:00,1.05601,1.07727,1.04412,1.07338,2011,2,4,15
AUDUSD,W1,2011-04-24 04:00,1.07413,1.09756,1.06755,1.09688,2011,2,4,16
AUDUSD,W1,2011-05-01 04:00,1.09615,1.10100,1.05347,1.06985,2011,2,5,17
AUDUSD,W1,2011-05-08 04:00,1.07170,1.08867,1.05187,1.05706,2011,2,5,18
AUDUSD,W1,2011-05-15 04:00,1.05755,1.07089,1.05037,1.06580,2011,2,5,19
AUDUSD,W1,2011-05-22 04:00,1.06407,1.07164,1.04388,1.06880,2011,2,5,20
AUDUSD,W1,2011-05-29 04:00,1.07250,1.07730,1.05865,1.07148,2011,2,5,21
AUDUSD,W1,2011-06-05 04:00,1.07185,1.07656,1.05241,1.05351,2011,2,6,22
AUDUSD,W1,2011-06-12 04:00,1.05315,1.07135,1.04759,1.06215,2011,2,6,23
AUDUSD,W1,2011-06-19 04:00,1.06045,1.06486,1.04533,1.04885,2011,2,6,24
AUDUSD,W1,2011-06-26 04:00,1.04805,1.07881,1.03891,1.07679,2011,2,6,25
AUDUSD,W1,2011-07-03 04:00,1.07736,1.07862,1.06528,1.07528,2011,3,7,26
AUDUSD,W1,2011-07-10 04:00,1.07090,1.07995,1.05233,1.06390,2011,3,7,27
AUDUSD,W1,2011-07-17 04:00,1.06270,1.08726,1.05589,1.08498,2011,3,7,28
AUDUSD,W1,2011-07-24 04:00,1.08303,1.10784,1.07939,1.09929,2011,3,7,29
AUDUSD,W1,2011-07-31 04:00,1.10285,1.10632,1.03738,1.04405,2011,3,7,30
AUDUSD,W1,2011-08-07 04:00,1.04225,1.04401,0.99257,1.03535,2011,3,8,31
AUDUSD,W1,2011-08-14 04:00,1.03657,1.05998,1.03134,1.04049,2011,3,8,32
AUDUSD,W1,2011-08-21 04:00,1.03757,1.05906,1.03611,1.05705,2011,3,8,33
AUDUSD,W1,2011-08-28 04:00,1.05847,1.07629,1.05593,1.06423,2011,3,8,34
AUDUSD,W1,2011-09-04 04:00,1.06045,1.06595,1.04200,1.04696,2011,3,9,35
AUDUSD,W1,2011-09-11 04:00,1.04300,1.04391,1.01759,1.03600,2011,3,9,36
AUDUSD,W1,2011-09-18 04:00,1.03010,1.03139,0.96673,0.97775,2011,3,9,37
AUDUSD,W1,2011-09-25 04:00,0.98085,0.99836,0.96203,0.96601,2011,3,9,38
AUDUSD,W1,2011-10-02 04:00,0.96561,0.98773,0.93860,0.97673,2011,4,10,39
AUDUSD,W1,2011-10-09 04:00,0.97528,1.03441,0.97501,1.03386,2011,4,10,40
AUDUSD,W1,2011-10-16 04:00,1.03245,1.03767,1.01164,1.03735,2011,4,10,41
AUDUSD,W1,2011-10-23 04:00,1.03325,1.07509,1.03136,1.06988,2011,4,10,42
AUDUSD,W1,2011-10-30 04:00,1.07065,1.07153,1.02013,1.03735,2011,4,10,43
AUDUSD,W1,2011-11-06 04:00,1.03805,1.04249,1.00508,1.02731,2011,4,11,44
AUDUSD,W1,2011-11-13 04:00,1.03425,1.03425,0.99628,1.00064,2011,4,11,45
AUDUSD,W1,2011-11-20 04:00,0.99944,1.00120,0.96619,0.97095,2011,4,11,46
AUDUSD,W1,2011-11-27 04:00,0.98184,1.03291,0.97885,1.02126,2011,4,11,47
AUDUSD,W1,2011-12-04 04:00,1.02527,1.03781,1.00466,1.02146,2011,4,12,48
AUDUSD,W1,2011-12-11 04:00,1.02077,1.02141,0.98596,0.99805,2011,4,12,49
AUDUSD,W1,2011-12-18 04:00,0.99861,1.02172,0.98814,1.01463,2011,4,12,50
AUDUSD,W1,2011-12-25 04:00,1.01444,1.02666,1.00430,1.02066,2011,4,12,51
AUDUSD,W1,2012-01-01 04:00,1.02201,1.03846,1.01953,1.02265,2012,1,1,1
AUDUSD,W1,2012-01-08 04:00,1.01996,1.03758,1.01436,1.03270,2012,1,1,1
AUDUSD,W1,2012-01-15 04:00,1.02880,1.04867,1.02525,1.04826,2012,1,1,2
AUDUSD,W1,2012-01-22 04:00,1.04765,1.06857,1.04263,1.06547,2012,1,1,3
AUDUSD,W1,2012-01-29 04:00,1.06365,1.07921,1.05247,1.07692,2012,1,1,4
AUDUSD,W1,2012-02-05 04:00,1.07535,1.08424,1.06381,1.06717,2012,1,2,5
AUDUSD,W1,2012-02-12 04:00,1.06898,1.07973,1.06271,1.06985,2012,1,2,6
AUDUSD,W1,2012-02-19 04:00,1.07710,1.08142,1.05957,1.06925,2012,1,2,7
AUDUSD,W1,2012-02-26 04:00,1.07043,1.08542,1.06487,1.07306,2012,1,2,8
AUDUSD,W1,2012-03-04 04:00,1.07390,1.07417,1.05076,1.05739,2012,1,3,9
AUDUSD,W1,2012-03-11 04:00,1.05645,1.05956,1.04214,1.05882,2012,1,3,10
AUDUSD,W1,2012-03-18 04:00,1.05910,1.06352,1.03347,1.04660,2012,1,3,11
AUDUSD,W1,2012-03-25 04:00,1.04651,1.05557,1.03030,1.03342,2012,1,3,12
AUDUSD,W1,2012-04-01 04:00,1.04490,1.04637,1.02418,1.03024,2012,2,4,13
AUDUSD,W1,2012-04-08 04:00,1.02960,1.04503,1.02243,1.03709,2012,2,4,14
AUDUSD,W1,2012-04-15 04:00,1.03712,1.04162,1.03029,1.03781,2012,2,4,15
AUDUSD,W1,2012-04-22 04:00,1.03673,1.04723,1.02455,1.04701,2012,2,4,16
AUDUSD,W1,2012-04-29 04:00,1.04585,1.04678,1.01684,1.01784,2012,2,4,17
AUDUSD,W1,2012-05-06 04:00,1.01525,1.02181,1.00164,1.00176,2012,2,5,18
AUDUSD,W1,2012-05-13 04:00,1.00120,1.00328,0.97934,0.98409,2012,2,5,19
AUDUSD,W1,2012-05-20 04:00,0.98365,0.99329,0.96880,0.97563,2012,2,5,20
AUDUSD,W1,2012-05-27 04:00,0.98145,0.98957,0.95813,0.96952,2012,2,5,21
AUDUSD,W1,2012-06-03 04:00,0.96985,1.00007,0.96261,0.99147,2012,2,6,22
AUDUSD,W1,2012-06-10 04:00,0.99850,1.00875,0.98488,1.00714,2012,2,6,23
AUDUSD,W1,2012-06-17 04:00,1.01140,1.02222,1.00066,1.00623,2012,2,6,24
AUDUSD,W1,2012-06-24 04:00,1.00445,1.02562,0.99671,1.02409,2012,2,6,25
AUDUSD,W1,2012-07-01 04:00,1.02630,1.03272,1.01779,1.02104,2012,3,7,26
AUDUSD,W1,2012-07-08 04:00,1.01967,1.02793,1.00985,1.02247,2012,3,7,27
AUDUSD,W1,2012-07-15 04:00,1.02475,1.04421,1.02004,1.03759,2012,3,7,28
AUDUSD,W1,2012-07-22 04:00,1.03565,1.04850,1.01751,1.04822,2012,3,7,29
AUDUSD,W1,2012-07-29 04:00,1.04733,1.05783,1.04343,1.05666,2012,3,7,30
AUDUSD,W1,2012-08-05 04:00,1.05701,1.06113,1.04955,1.05748,2012,3,8,31
AUDUSD,W1,2012-08-12 04:00,1.05536,1.05718,1.04091,1.04173,2012,3,8,32
AUDUSD,W1,2012-08-19 04:00,1.04321,1.05431,1.03738,1.04025,2012,3,8,33
AUDUSD,W1,2012-08-26 04:00,1.04227,1.04241,1.02746,1.03205,2012,3,8,34
AUDUSD,W1,2012-09-02 04:00,1.02858,1.03986,1.01655,1.03834,2012,3,9,35
AUDUSD,W1,2012-09-09 04:00,1.03698,1.06227,1.03211,1.05489,2012,3,9,36
AUDUSD,W1,2012-09-16 04:00,1.05530,1.05567,1.03660,1.04556,2012,3,9,37
AUDUSD,W1,2012-09-23 04:00,1.04445,1.04722,1.03267,1.03764,2012,3,9,38
AUDUSD,W1,2012-09-30 04:00,1.03628,1.04011,1.01502,1.01840,2012,3,9,39
AUDUSD,W1,2012-10-07 04:00,1.01573,1.02918,1.01477,1.02313,2012,4,10,40
AUDUSD,W1,2012-10-14 04:00,1.02515,1.04093,1.02005,1.03297,2012,4,10,41
AUDUSD,W1,2012-10-21 04:00,1.03141,1.03951,1.02343,1.03719,2012,4,10,42
AUDUSD,W1,2012-10-28 04:00,1.03644,1.04174,1.03237,1.03355,2012,4,10,43
AUDUSD,W1,2012-11-04 04:00,1.03379,1.04783,1.03311,1.03836,2012,4,11,44
AUDUSD,W1,2012-11-11 04:00,1.03972,1.04567,1.02857,1.03386,2012,4,11,45
AUDUSD,W1,2012-11-18 04:00,1.03500,1.04687,1.03366,1.04590,2012,4,11,46
AUDUSD,W1,2012-11-25 04:00,1.04562,1.04879,1.04005,1.04253,2012,4,11,47
AUDUSD,W1,2012-12-02 04:00,1.04274,1.05136,1.03914,1.04843,2012,4,12,48
AUDUSD,W1,2012-12-09 04:00,1.04867,1.05834,1.04597,1.05640,2012,4,12,49
AUDUSD,W1,2012-12-16 04:00,1.05491,1.05713,1.03929,1.04019,2012,4,12,50
AUDUSD,W1,2012-12-23 04:00,1.03970,1.04142,1.03432,1.03717,2012,4,12,51
AUDUSD,W1,2012-12-30 04:00,1.03670,1.05255,1.03627,1.04792,2012,4,12,52
AUDUSD,W1,2013-01-06 04:00,1.04754,1.05970,1.04657,1.05341,2013,1,1,1
AUDUSD,W1,2013-01-13 04:00,1.05495,1.05781,1.04839,1.05073,2013,1,1,2
AUDUSD,W1,2013-01-20 04:00,1.05055,1.05765,1.04016,1.04229,2013,1,1,3
AUDUSD,W1,2013-01-27 04:00,1.04137,1.04746,1.03593,1.04041,2013,1,1,4
AUDUSD,W1,2013-02-03 04:00,1.04240,1.04559,1.02539,1.03167,2013,1,2,5
AUDUSD,W1,2013-02-10 04:00,1.03110,1.03729,1.02253,1.03030,2013,1,2,6
AUDUSD,W1,2013-02-17 04:00,1.02885,1.03656,1.02195,1.03182,2013,1,2,7
AUDUSD,W1,2013-02-24 04:00,1.03030,1.03263,1.01803,1.02017,2013,1,2,8
AUDUSD,W1,2013-03-03 04:00,1.01991,1.02991,1.01135,1.02318,2013,1,3,9
AUDUSD,W1,2013-03-10 04:00,1.02122,1.04121,1.02022,1.04065,2013,1,3,10
AUDUSD,W1,2013-03-17 04:00,1.03538,1.04581,1.03424,1.04421,2013,1,3,11
AUDUSD,W1,2013-03-24 04:00,1.04463,1.04951,1.03949,1.04173,2013,1,3,12
AUDUSD,W1,2013-03-31 04:00,1.04193,1.04954,1.03534,1.03814,2013,1,3,13
AUDUSD,W1,2013-04-07 04:00,1.03660,1.05804,1.03465,1.05053,2013,2,4,14
AUDUSD,W1,2013-04-14 04:00,1.05040,1.05221,1.02674,1.02756,2013,2,4,15
AUDUSD,W1,2013-04-21 04:00,1.02769,1.03375,1.02194,1.02778,2013,2,4,16
AUDUSD,W1,2013-04-28 04:00,1.02800,1.03825,1.02203,1.03160,2013,2,4,17
AUDUSD,W1,2013-05-05 04:00,1.03045,1.03119,0.99594,1.00230,2013,2,5,18
AUDUSD,W1,2013-05-12 04:00,1.00003,1.00134,0.97094,0.97294,2013,2,5,19
AUDUSD,W1,2013-05-19 04:00,0.97538,0.98402,0.95920,0.96496,2013,2,5,20
AUDUSD,W1,2013-05-26 04:00,0.96415,0.96954,0.95263,0.95702,2013,2,5,21
AUDUSD,W1,2013-06-02 04:00,0.96128,0.97899,0.94271,0.94950,2013,2,6,22
AUDUSD,W1,2013-06-09 04:00,0.94027,0.96641,0.93240,0.95697,2013,2,6,23
AUDUSD,W1,2013-06-16 04:00,0.95616,0.96395,0.91616,0.92171,2013,2,6,24
AUDUSD,W1,2013-06-23 04:00,0.92070,0.93428,0.91113,0.91366,2013,2,6,25
AUDUSD,W1,2013-06-30 04:00,0.91128,0.92510,0.90353,0.90648,2013,2,6,26
AUDUSD,W1,2013-07-07 04:00,0.90511,0.93034,0.89967,0.90467,2013,3,7,27
AUDUSD,W1,2013-07-14 04:00,0.90689,0.92902,0.90339,0.91723,2013,3,7,28
AUDUSD,W1,2013-07-21 04:00,0.91768,0.93158,0.91270,0.92615,2013,3,7,29
AUDUSD,W1,2013-07-28 04:00,0.92509,0.92851,0.88695,0.89009,2013,3,7,30
AUDUSD,W1,2013-08-04 04:00,0.89182,0.92134,0.88469,0.91951,2013,3,8,31
AUDUSD,W1,2013-08-11 04:00,0.91877,0.92199,0.90572,0.91814,2013,3,8,32
AUDUSD,W1,2013-08-18 04:00,0.91846,0.92320,0.89310,0.90237,2013,3,8,33
AUDUSD,W1,2013-08-25 04:00,0.90338,0.90687,0.88911,0.89007,2013,3,8,34
AUDUSD,W1,2013-09-01 04:00,0.89422,0.92155,0.89223,0.91816,2013,3,9,35
AUDUSD,W1,2013-09-08 04:00,0.92006,0.93530,0.91661,0.92420,2013,3,9,36
AUDUSD,W1,2013-09-15 04:00,0.93281,0.95274,0.92842,0.93945,2013,3,9,37
AUDUSD,W1,2013-09-22 04:00,0.93666,0.94558,0.92966,0.93147,2013,3,9,38
AUDUSD,W1,2013-09-29 04:00,0.93089,0.94575,0.92800,0.94317,2013,3,9,39
AUDUSD,W1,2013-10-06 04:00,0.94345,0.94836,0.93871,0.94663,2013,4,10,40
AUDUSD,W1,2013-10-13 04:00,0.94245,0.96761,0.94245,0.96752,2013,4,10,41
AUDUSD,W1,2013-10-20 04:00,0.96696,0.97562,0.95707,0.95826,2013,4,10,42
AUDUSD,W1,2013-10-27 04:00,0.95824,0.96214,0.94206,0.94359,2013,4,10,43
AUDUSD,W1,2013-11-03 04:00,0.94538,0.95416,0.93515,0.93828,2013,4,11,44
AUDUSD,W1,2013-11-10 04:00,0.93845,0.93892,0.92684,0.93672,2013,4,11,45
AUDUSD,W1,2013-11-17 04:00,0.93743,0.94465,0.91423,0.91676,2013,4,11,46
AUDUSD,W1,2013-11-24 04:00,0.91622,0.92032,0.90547,0.91051,2013,4,11,47
AUDUSD,W1,2013-12-01 04:00,0.91267,0.91672,0.89889,0.91025,2013,4,12,48
AUDUSD,W1,2013-12-08 04:00,0.91215,0.91657,0.89083,0.89617,2013,4,12,49
AUDUSD,W1,2013-12-15 04:00,0.89591,0.89687,0.88219,0.89184,2013,4,12,50
AUDUSD,W1,2013-12-22 04:00,0.89208,0.89571,0.88609,0.88673,2013,4,12,51
AUDUSD,W1,2013-12-29 04:00,0.88609,0.90034,0.88323,0.89432,2013,4,12,52
AUDUSD,W1,2014-01-05 04:00,0.89569,0.90038,0.88639,0.89936,2014,1,1,1
AUDUSD,W1,2014-01-12 04:00,0.89971,0.90850,0.87624,0.87782,2014,1,1,2
AUDUSD,W1,2014-01-19 04:00,0.87712,0.88866,0.86593,0.86797,2014,1,1,3
AUDUSD,W1,2014-01-26 04:00,0.86911,0.88245,0.86763,0.87526,2014,1,1,4
AUDUSD,W1,2014-02-02 04:00,0.87660,0.89969,0.87293,0.89562,2014,1,2,5
AUDUSD,W1,2014-02-09 04:00,0.89549,0.90661,0.89058,0.90318,2014,1,2,6
AUDUSD,W1,2014-02-16 04:00,0.90608,0.90795,0.89357,0.89734,2014,1,2,7
AUDUSD,W1,2014-02-23 04:00,0.89791,0.90480,0.89030,0.89284,2014,1,2,8
AUDUSD,W1,2014-03-02 04:00,0.88939,0.91321,0.88895,0.90656,2014,1,3,9
AUDUSD,W1,2014-03-09 04:00,0.90514,0.91024,0.89233,0.90248,2014,1,3,10
AUDUSD,W1,2014-03-16 04:00,0.90201,0.91374,0.89941,0.90795,2014,1,3,11
AUDUSD,W1,2014-03-23 04:00,0.90970,0.92942,0.90475,0.92470,2014,1,3,12
AUDUSD,W1,2014-03-30 04:00,0.92376,0.93063,0.92047,0.92894,2014,1,3,13
AUDUSD,W1,2014-04-06 04:00,0.92827,0.94601,0.92531,0.93928,2014,2,4,14
AUDUSD,W1,2014-04-13 04:00,0.93875,0.94243,0.93201,0.93305,2014,2,4,15
AUDUSD,W1,2014-04-20 04:00,0.93340,0.93771,0.92512,0.92786,2014,2,4,16
AUDUSD,W1,2014-04-27 04:00,0.92738,0.93155,0.92020,0.92739,2014,2,4,17
AUDUSD,W1,2014-05-04 04:00,0.92842,0.93931,0.92514,0.93597,2014,2,5,18
AUDUSD,W1,2014-05-11 04:00,0.93596,0.94079,0.93262,0.93573,2014,2,5,19
AUDUSD,W1,2014-05-18 04:00,0.93716,0.93723,0.92079,0.92285,2014,2,5,20
AUDUSD,W1,2014-05-25 04:00,0.92335,0.93281,0.92101,0.93098,2014,2,5,21
AUDUSD,W1,2014-06-01 04:00,0.93081,0.93575,0.92287,0.93313,2014,2,6,22
AUDUSD,W1,2014-06-08 04:00,0.93339,0.94364,0.93337,0.93995,2014,2,6,23
AUDUSD,W1,2014-06-15 04:00,0.93915,0.94305,0.93210,0.93869,2014,2,6,24
AUDUSD,W1,2014-06-22 04:00,0.93718,0.94442,0.93533,0.94247,2014,2,6,25
AUDUSD,W1,2014-06-29 04:00,0.94180,0.95038,0.93291,0.93621,2014,2,6,26
AUDUSD,W1,2014-07-06 04:00,0.93604,0.94551,0.93404,0.93872,2014,3,7,27
AUDUSD,W1,2014-07-13 04:00,0.93757,0.94086,0.93285,0.93902,2014,3,7,28
AUDUSD,W1,2014-07-20 04:00,0.93881,0.94700,0.93598,0.93930,2014,3,7,29
AUDUSD,W1,2014-07-27 04:00,0.93934,0.94153,0.92745,0.93080,2014,3,7,30
AUDUSD,W1,2014-08-03 04:00,0.93081,0.93725,0.92381,0.92704,2014,3,8,31
AUDUSD,W1,2014-08-10 04:00,0.92729,0.93332,0.92464,0.93142,2014,3,8,32
AUDUSD,W1,2014-08-17 04:00,0.93121,0.93442,0.92374,0.93096,2014,3,8,33
AUDUSD,W1,2014-08-24 04:00,0.93062,0.93730,0.92704,0.93325,2014,3,8,34
AUDUSD,W1,2014-08-31 04:00,0.93241,0.94006,0.92617,0.93757,2014,3,8,35
AUDUSD,W1,2014-09-07 04:00,0.93575,0.93730,0.90293,0.90352,2014,3,9,36
AUDUSD,W1,2014-09-14 04:00,0.90071,0.91113,0.89196,0.89246,2014,3,9,37
AUDUSD,W1,2014-09-21 04:00,0.89279,0.89485,0.87466,0.87608,2014,3,9,38
AUDUSD,W1,2014-09-28 04:00,0.87463,0.88255,0.86415,0.86738,2014,3,9,39
AUDUSD,W1,2014-10-05 04:00,0.86718,0.88973,0.86512,0.86851,2014,4,10,40
AUDUSD,W1,2014-10-12 04:00,0.86858,0.88589,0.86506,0.87470,2014,4,10,41
AUDUSD,W1,2014-10-19 04:00,0.87528,0.88316,0.87178,0.87969,2014,4,10,42
AUDUSD,W1,2014-10-26 04:00,0.88014,0.89099,0.87542,0.87961,2014,4,10,43
AUDUSD,W1,2014-11-02 04:00,0.87496,0.87609,0.85398,0.86301,2014,4,11,44
AUDUSD,W1,2014-11-09 04:00,0.86433,0.87713,0.85897,0.87432,2014,4,11,45
AUDUSD,W1,2014-11-16 04:00,0.87751,0.87948,0.85652,0.86667,2014,4,11,46
AUDUSD,W1,2014-11-23 04:00,0.86742,0.86996,0.84787,0.85049,2014,4,11,47
AUDUSD,W1,2014-11-30 04:00,0.84657,0.85413,0.83138,0.83237,2014,4,11,48
AUDUSD,W1,2014-12-07 04:00,0.83017,0.83747,0.82139,0.82422,2014,4,12,49
AUDUSD,W1,2014-12-14 04:00,0.82462,0.82734,0.81058,0.81425,2014,4,12,50
AUDUSD,W1,2014-12-21 04:00,0.81407,0.81720,0.80869,0.81164,2014,4,12,51
AUDUSD,W1,2014-12-28 04:00,0.81219,0.82146,0.80764,0.80904,2014,4,12,52
AUDUSD,W1,2015-01-04 04:00,0.80687,0.82074,0.80319,0.82008,2015,1,1,1
AUDUSD,W1,2015-01-11 04:00,0.82092,0.82943,0.80671,0.82216,2015,1,1,2
AUDUSD,W1,2015-01-18 04:00,0.82155,0.82427,0.78801,0.79051,2015,1,1,3
AUDUSD,W1,2015-01-25 04:00,0.78724,0.80243,0.77189,0.77627,2015,1,1,4
AUDUSD,W1,2015-02-01 04:00,0.77492,0.78756,0.76252,0.77952,2015,1,2,5
AUDUSD,W1,2015-02-08 04:00,0.77603,0.78407,0.76429,0.77512,2015,1,2,6
AUDUSD,W1,2015-02-15 04:00,0.77707,0.78480,0.77404,0.78446,2015,1,2,7
AUDUSD,W1,2015-02-22 04:00,0.78461,0.79121,0.77385,0.78100,2015,1,2,8
AUDUSD,W1,2015-03-01 04:00,0.78021,0.78596,0.77052,0.77154,2015,1,3,9
AUDUSD,W1,2015-03-08 04:00,0.77056,0.77389,0.75595,0.76341,2015,1,3,10
AUDUSD,W1,2015-03-15 04:00,0.76187,0.78466,0.75899,0.77736,2015,1,3,11
AUDUSD,W1,2015-03-22 04:00,0.77799,0.79373,0.77442,0.77472,2015,1,3,12
AUDUSD,W1,2015-03-29 04:00,0.77336,0.77462,0.75323,0.76285,2015,1,3,13
AUDUSD,W1,2015-04-05 04:00,0.76386,0.77378,0.75760,0.76765,2015,2,4,14
AUDUSD,W1,2015-04-12 04:00,0.76653,0.78417,0.75520,0.77814,2015,2,4,15
AUDUSD,W1,2015-04-19 04:00,0.78260,0.78397,0.76820,0.78198,2015,2,4,16
AUDUSD,W1,2015-04-26 04:00,0.78192,0.80748,0.77906,0.78460,2015,2,4,17
AUDUSD,W1,2015-05-03 04:00,0.78294,0.80296,0.77866,0.79334,2015,2,5,18
AUDUSD,W1,2015-05-10 04:00,0.79250,0.81625,0.78754,0.80365,2015,2,5,19
AUDUSD,W1,2015-05-17 04:00,0.80325,0.80512,0.78097,0.78294,2015,2,5,20
AUDUSD,W1,2015-05-24 04:00,0.78224,0.78388,0.76166,0.76425,2015,2,5,21
AUDUSD,W1,2015-05-31 04:00,0.76348,0.78180,0.75972,0.76119,2015,2,5,22
AUDUSD,W1,2015-06-07 04:00,0.76199,0.77920,0.76024,0.77249,2015,2,6,23
AUDUSD,W1,2015-06-14 04:00,0.77510,0.78484,0.76438,0.77682,2015,2,6,24
AUDUSD,W1,2015-06-21 04:00,0.77639,0.77955,0.76296,0.76546,2015,2,6,25
AUDUSD,W1,2015-06-28 04:00,0.76196,0.77375,0.75066,0.75102,2015,2,6,26
AUDUSD,W1,2015-07-05 04:00,0.74741,0.75317,0.73712,0.74347,2015,3,7,27
AUDUSD,W1,2015-07-12 04:00,0.74122,0.74878,0.73490,0.73696,2015,3,7,28
AUDUSD,W1,2015-07-19 04:00,0.73758,0.74484,0.72590,0.72800,2015,3,7,29
AUDUSD,W1,2015-07-26 04:00,0.72689,0.73655,0.72335,0.72999,2015,3,7,30
AUDUSD,W1,2015-08-02 04:00,0.73180,0.74277,0.72592,0.74175,2015,3,8,31
AUDUSD,W1,2015-08-09 04:00,0.74131,0.74387,0.72144,0.73722,2015,3,8,32
AUDUSD,W1,2015-08-16 04:00,0.73718,0.73883,0.72839,0.73095,2015,3,8,33
AUDUSD,W1,2015-08-23 04:00,0.72913,0.73107,0.70400,0.71656,2015,3,8,34
AUDUSD,W1,2015-08-30 04:00,0.71493,0.71618,0.69065,0.69065,2015,3,8,35
AUDUSD,W1,2015-09-06 04:00,0.69243,0.70987,0.69108,0.70892,2015,3,9,36
AUDUSD,W1,2015-09-13 04:00,0.70800,0.72789,0.70621,0.71827,2015,3,9,37
AUDUSD,W1,2015-09-20 04:00,0.71805,0.71964,0.69376,0.70243,2015,3,9,38
AUDUSD,W1,2015-09-27 04:00,0.70262,0.70838,0.69354,0.70470,2015,3,9,39
AUDUSD,W1,2015-10-04 04:00,0.70511,0.73434,0.70415,0.73313,2015,4,10,40
AUDUSD,W1,2015-10-11 04:00,0.73149,0.73813,0.71976,0.72658,2015,4,10,41
AUDUSD,W1,2015-10-18 04:00,0.72543,0.73063,0.71814,0.72173,2015,4,10,42
AUDUSD,W1,2015-10-25 04:00,0.72130,0.72688,0.70667,0.71337,2015,4,10,43
AUDUSD,W1,2015-11-01 04:00,0.71119,0.72233,0.70217,0.70391,2015,4,11,44
AUDUSD,W1,2015-11-08 04:00,0.70246,0.71583,0.70151,0.71243,2015,4,11,45
AUDUSD,W1,2015-11-15 04:00,0.71181,0.72495,0.70679,0.72361,2015,4,11,46
AUDUSD,W1,2015-11-22 04:00,0.72234,0.72822,0.71583,0.71896,2015,4,11,47
AUDUSD,W1,2015-11-29 04:00,0.71913,0.73844,0.71693,0.73374,2015,4,11,48
AUDUSD,W1,2015-12-06 04:00,0.73385,0.73417,0.71712,0.71841,2015,4,12,49
AUDUSD,W1,2015-12-13 04:00,0.72019,0.72821,0.70959,0.71709,2015,4,12,50
AUDUSD,W1,2015-12-20 04:00,0.71684,0.72796,0.71542,0.72692,2015,4,12,51
AUDUSD,W1,2015-12-27 04:00,0.72723,0.73266,0.72441,0.72881,2015,4,12,52
AUDUSD,W1,2016-01-03 04:00,0.72827,0.73008,0.69498,0.69508,2016,1,1,1
AUDUSD,W1,2016-01-10 04:00,0.69688,0.70477,0.68261,0.68553,2016,1,1,1
AUDUSD,W1,2016-01-17 04:00,0.68357,0.70450,0.68272,0.70054,2016,1,1,2
AUDUSD,W1,2016-01-24 04:00,0.70014,0.71400,0.69178,0.70820,2016,1,1,3
AUDUSD,W1,2016-01-31 04:00,0.70800,0.72418,0.70019,0.70682,2016,1,1,4
AUDUSD,W1,2016-02-07 04:00,0.70673,0.71520,0.69727,0.71017,2016,1,2,5
AUDUSD,W1,2016-02-14 04:00,0.71001,0.71862,0.70683,0.71466,2016,1,2,6
AUDUSD,W1,2016-02-21 04:00,0.71540,0.72582,0.71173,0.71240,2016,1,2,7
AUDUSD,W1,2016-02-28 04:00,0.71208,0.74422,0.71077,0.74345,2016,1,2,8
AUDUSD,W1,2016-03-06 04:00,0.74001,0.75825,0.73917,0.75580,2016,1,3,9
AUDUSD,W1,2016-03-13 04:00,0.75404,0.76795,0.74137,0.75993,2016,1,3,10
AUDUSD,W1,2016-03-20 04:00,0.75922,0.76480,0.74763,0.74986,2016,1,3,11
AUDUSD,W1,2016-03-27 04:00,0.75084,0.77220,0.74923,0.76779,2016,1,3,12
AUDUSD,W1,2016-04-03 04:00,0.76661,0.76771,0.74909,0.75513,2016,2,4,13
AUDUSD,W1,2016-04-10 04:00,0.75419,0.77358,0.75271,0.77231,2016,2,4,14
AUDUSD,W1,2016-04-17 04:00,0.76495,0.78337,0.76304,0.77090,2016,2,4,15
AUDUSD,W1,2016-04-24 04:00,0.76938,0.77644,0.75475,0.76073,2016,2,4,16
AUDUSD,W1,2016-05-01 04:00,0.75944,0.77183,0.73369,0.73639,2016,2,5,17
AUDUSD,W1,2016-05-08 04:00,0.73534,0.74015,0.72532,0.72672,2016,2,5,18
AUDUSD,W1,2016-05-15 04:00,0.72450,0.73656,0.71753,0.72209,2016,2,5,19
AUDUSD,W1,2016-05-22 04:00,0.72172,0.72589,0.71442,0.71820,2016,2,5,20
AUDUSD,W1,2016-05-29 04:00,0.71759,0.73675,0.71480,0.73637,2016,2,5,21
AUDUSD,W1,2016-06-05 04:00,0.73660,0.75036,0.73145,0.73765,2016,2,6,22
AUDUSD,W1,2016-06-12 04:00,0.73751,0.74450,0.72847,0.73914,2016,2,6,23
AUDUSD,W1,2016-06-19 04:00,0.74314,0.76444,0.73037,0.74615,2016,2,6,24
AUDUSD,W1,2016-06-26 04:00,0.74114,0.75020,0.73227,0.74973,2016,2,6,25
AUDUSD,W1,2016-07-03 04:00,0.74466,0.75719,0.74072,0.75653,2016,3,7,26
AUDUSD,W1,2016-07-10 04:00,0.75615,0.76755,0.75210,0.75672,2016,3,7,27
AUDUSD,W1,2016-07-17 04:00,0.75917,0.76058,0.74419,0.74637,2016,3,7,28
AUDUSD,W1,2016-07-24 04:00,0.74594,0.76097,0.74202,0.76018,2016,3,7,29
AUDUSD,W1,2016-07-31 04:00,0.75900,0.76635,0.74851,0.76162,2016,3,7,30
AUDUSD,W1,2016-08-07 04:00,0.76126,0.77552,0.75967,0.76480,2016,3,8,31
AUDUSD,W1,2016-08-14 04:00,0.76529,0.77485,0.75983,0.76245,2016,3,8,32
AUDUSD,W1,2016-08-21 04:00,0.76002,0.76912,0.75506,0.75597,2016,3,8,33
AUDUSD,W1,2016-08-28 04:00,0.75561,0.76152,0.74895,0.75702,2016,3,8,34
AUDUSD,W1,2016-09-04 04:00,0.75671,0.77314,0.75366,0.75371,2016,3,9,35
AUDUSD,W1,2016-09-11 04:00,0.75382,0.75673,0.74415,0.74914,2016,3,9,36
AUDUSD,W1,2016-09-18 04:00,0.74757,0.76740,0.74757,0.76218,2016,3,9,37
AUDUSD,W1,2016-09-25 04:00,0.76119,0.77094,0.75891,0.76578,2016,3,9,38
AUDUSD,W1,2016-10-02 04:00,0.76544,0.76904,0.75525,0.75860,2016,4,10,39
AUDUSD,W1,2016-10-09 04:00,0.76051,0.76470,0.75060,0.76150,2016,4,10,40
AUDUSD,W1,2016-10-16 04:00,0.76179,0.77337,0.75805,0.76041,2016,4,10,41
AUDUSD,W1,2016-10-23 04:00,0.76038,0.77082,0.75570,0.75963,2016,4,10,42
AUDUSD,W1,2016-10-30 04:00,0.75852,0.76962,0.75824,0.76715,2016,4,10,43
AUDUSD,W1,2016-11-06 04:00,0.76755,0.77775,0.75244,0.75477,2016,4,11,44
AUDUSD,W1,2016-11-13 04:00,0.75401,0.75803,0.73295,0.73337,2016,4,11,45
AUDUSD,W1,2016-11-20 04:00,0.73297,0.74672,0.73102,0.74337,2016,4,11,46
AUDUSD,W1,2016-11-27 04:00,0.74409,0.74966,0.73691,0.74568,2016,4,11,47
AUDUSD,W1,2016-12-04 04:00,0.74478,0.75071,0.74111,0.74487,2016,4,12,48
AUDUSD,W1,2016-12-11 04:00,0.74435,0.75240,0.72653,0.72968,2016,4,12,49
AUDUSD,W1,2016-12-18 04:00,0.72799,0.73120,0.71592,0.71738,2016,4,12,50
AUDUSD,W1,2016-12-25 04:00,0.71923,0.72456,0.71628,0.71977,2016,4,12,51
AUDUSD,W1,2017-01-01 04:00,0.72069,0.73558,0.71639,0.72969,2017,1,1,1
AUDUSD,W1,2017-01-08 04:00,0.72933,0.75175,0.72871,0.74998,2017,1,1,1
AUDUSD,W1,2017-01-15 04:00,0.74771,0.75874,0.74572,0.75537,2017,1,1,2
AUDUSD,W1,2017-01-22 04:00,0.75529,0.76083,0.75107,0.75450,2017,1,1,3
AUDUSD,W1,2017-01-29 04:00,0.75564,0.76953,0.75270,0.76784,2017,1,1,4
AUDUSD,W1,2017-02-05 04:00,0.76739,0.76878,0.76049,0.76731,2017,1,2,5
AUDUSD,W1,2017-02-12 04:00,0.76748,0.77313,0.76171,0.76678,2017,1,2,6
AUDUSD,W1,2017-02-19 04:00,0.76672,0.77400,0.76489,0.76680,2017,1,2,7
AUDUSD,W1,2017-02-26 04:00,0.76782,0.77070,0.75422,0.75939,2017,1,2,8
AUDUSD,W1,2017-03-05 04:00,0.75862,0.76320,0.74904,0.75387,2017,1,3,9
AUDUSD,W1,2017-03-12 04:00,0.75432,0.77183,0.75331,0.77031,2017,1,3,10
AUDUSD,W1,2017-03-19 04:00,0.76875,0.77488,0.76033,0.76216,2017,1,3,11
AUDUSD,W1,2017-03-26 04:00,0.76351,0.76787,0.75865,0.76277,2017,1,3,12
AUDUSD,W1,2017-04-02 04:00,0.76253,0.76395,0.74936,0.75024,2017,2,4,13
AUDUSD,W1,2017-04-09 04:00,0.74898,0.75947,0.74723,0.75762,2017,2,4,14
AUDUSD,W1,2017-04-16 04:00,0.75733,0.76098,0.74908,0.75428,2017,2,4,15
AUDUSD,W1,2017-04-23 04:00,0.75862,0.75873,0.74393,0.74856,2017,2,4,16
AUDUSD,W1,2017-04-30 04:00,0.74674,0.75553,0.73668,0.74160,2017,2,4,17
AUDUSD,W1,2017-05-07 04:00,0.74111,0.74238,0.73281,0.73861,2017,2,5,18
AUDUSD,W1,2017-05-14 04:00,0.73891,0.74687,0.73841,0.74559,2017,2,5,19
AUDUSD,W1,2017-05-21 04:00,0.74490,0.75166,0.74213,0.74446,2017,2,5,20
AUDUSD,W1,2017-05-28 04:00,0.74347,0.74750,0.73714,0.74425,2017,2,5,21
AUDUSD,W1,2017-06-04 04:00,0.74230,0.75658,0.74214,0.75287,2017,2,6,22
AUDUSD,W1,2017-06-11 04:00,0.75261,0.76349,0.75209,0.76162,2017,2,6,23
AUDUSD,W1,2017-06-18 04:00,0.76147,0.76284,0.75348,0.75674,2017,2,6,24
AUDUSD,W1,2017-06-25 04:00,0.75611,0.77116,0.75591,0.76854,2017,2,6,25
AUDUSD,W1,2017-07-02 04:00,0.76811,0.76942,0.75705,0.76028,2017,3,7,26
AUDUSD,W1,2017-07-09 04:00,0.75986,0.78332,0.75857,0.78259,2017,3,7,27
AUDUSD,W1,2017-07-16 04:00,0.78219,0.79878,0.77856,0.79119,2017,3,7,28
AUDUSD,W1,2017-07-23 04:00,0.79012,0.80650,0.78771,0.79855,2017,3,7,29
AUDUSD,W1,2017-07-30 04:00,0.79755,0.80421,0.78905,0.79282,2017,3,7,30
AUDUSD,W1,2017-08-06 04:00,0.79151,0.79478,0.78382,0.78917,2017,3,8,31
AUDUSD,W1,2017-08-13 04:00,0.78895,0.79621,0.78072,0.79244,2017,3,8,32
AUDUSD,W1,2017-08-20 04:00,0.79239,0.79534,0.78660,0.79306,2017,3,8,33
AUDUSD,W1,2017-08-27 04:00,0.79211,0.79949,0.78705,0.79661,2017,3,8,34
AUDUSD,W1,2017-09-03 04:00,0.79455,0.81243,0.79393,0.80505,2017,3,9,35
AUDUSD,W1,2017-09-10 04:00,0.80556,0.80575,0.79551,0.79997,2017,3,9,36
AUDUSD,W1,2017-09-17 04:00,0.79950,0.81015,0.79074,0.79609,2017,3,9,37
AUDUSD,W1,2017-09-24 04:00,0.79486,0.79728,0.77988,0.78317,2017,3,9,38
AUDUSD,W1,2017-10-01 04:00,0.78331,0.78742,0.77322,0.77741,2017,4,10,39
AUDUSD,W1,2017-10-08 04:00,0.77692,0.78966,0.77468,0.78868,2017,4,10,40
AUDUSD,W1,2017-10-15 04:00,0.78826,0.78890,0.78075,0.78151,2017,4,10,41
AUDUSD,W1,2017-10-22 04:00,0.78189,0.78337,0.76242,0.76743,2017,4,10,42
AUDUSD,W1,2017-10-29 04:00,0.76750,0.77290,0.76383,0.76493,2017,4,10,43
AUDUSD,W1,2017-11-05 04:00,0.76478,0.76997,0.76265,0.76571,2017,4,11,44
AUDUSD,W1,2017-11-12 04:00,0.76484,0.76649,0.75352,0.75626,2017,4,11,45
AUDUSD,W1,2017-11-19 04:00,0.75623,0.76378,0.75312,0.76092,2017,4,11,46
AUDUSD,W1,2017-11-26 04:00,0.76115,0.76440,0.75505,0.76099,2017,4,11,47
AUDUSD,W1,2017-12-03 04:00,0.75908,0.76530,0.75006,0.75079,2017,4,12,48
AUDUSD,W1,2017-12-10 04:00,0.75057,0.76937,0.75026,0.76390,2017,4,12,49
AUDUSD,W1,2017-12-17 04:00,0.76418,0.77199,0.76400,0.77134,2017,4,12,50
AUDUSD,W1,2017-12-24 04:00,0.77183,0.78241,0.77116,0.78028,2017,4,12,51
AUDUSD,W1,2017-12-31 04:00,0.78402,0.78739,0.78045,0.78615,2017,4,12,52
AUDUSD,W1,2018-01-07 04:00,0.78603,0.79237,0.78066,0.79131,2018,1,1,1
AUDUSD,W1,2018-01-14 04:00,0.79003,0.80379,0.79003,0.79824,2018,1,1,2
AUDUSD,W1,2018-01-21 04:00,0.79997,0.81350,0.79556,0.81072,2018,1,1,3
AUDUSD,W1,2018-01-28 04:00,0.80983,0.81172,0.79171,0.79201,2018,1,1,4
AUDUSD,W1,2018-02-04 04:00,0.79123,0.79530,0.77584,0.78044,2018,1,2,5
AUDUSD,W1,2018-02-11 04:00,0.78140,0.79876,0.77723,0.79083,2018,1,2,6
AUDUSD,W1,2018-02-18 04:00,0.79064,0.79345,0.77896,0.78381,2018,1,2,7
AUDUSD,W1,2018-02-25 04:00,0.78367,0.78926,0.77116,0.77627,2018,1,2,8
AUDUSD,W1,2018-03-04 04:00,0.77599,0.78531,0.77248,0.78447,2018,1,3,9
AUDUSD,W1,2018-03-11 04:00,0.78469,0.79157,0.77088,0.77115,2018,1,3,10
AUDUSD,W1,2018-03-18 04:00,0.77173,0.77838,0.76714,0.76938,2018,1,3,11
AUDUSD,W1,2018-03-25 04:00,0.77016,0.77569,0.76422,0.76766,2018,1,3,12
AUDUSD,W1,2018-04-01 04:00,0.76859,0.77254,0.76488,0.76736,2018,2,4,13
AUDUSD,W1,2018-04-08 04:00,0.76764,0.78090,0.76513,0.77580,2018,2,4,14
AUDUSD,W1,2018-04-15 04:00,0.77656,0.78119,0.76545,0.76687,2018,2,4,15
AUDUSD,W1,2018-04-22 04:00,0.76677,0.76818,0.75312,0.75801,2018,2,4,16
AUDUSD,W1,2018-04-29 04:00,0.75749,0.75811,0.74716,0.75389,2018,2,4,17
AUDUSD,W1,2018-05-06 04:00,0.75404,0.75659,0.74115,0.75405,2018,2,5,18
AUDUSD,W1,2018-05-13 04:00,0.75397,0.75641,0.74464,0.75087,2018,2,5,19
AUDUSD,W1,2018-05-20 04:00,0.75194,0.76045,0.75019,0.75463,2018,2,5,20
AUDUSD,W1,2018-05-27 04:00,0.75589,0.75920,0.74751,0.75653,2018,2,5,21
AUDUSD,W1,2018-06-03 04:00,0.75575,0.76757,0.75575,0.75957,2018,2,6,22
AUDUSD,W1,2018-06-10 04:00,0.75885,0.76226,0.74382,0.74385,2018,2,6,23
AUDUSD,W1,2018-06-17 04:00,0.74371,0.74534,0.73446,0.74386,2018,2,6,24
AUDUSD,W1,2018-06-24 04:00,0.74371,0.74417,0.73220,0.74060,2018,2,6,25
AUDUSD,W1,2018-07-01 04:00,0.74084,0.74429,0.73096,0.74237,2018,3,7,26
AUDUSD,W1,2018-07-08 04:00,0.74303,0.74828,0.73592,0.74215,2018,3,7,27
AUDUSD,W1,2018-07-15 04:00,0.74152,0.74415,0.73169,0.74170,2018,3,7,28
AUDUSD,W1,2018-07-22 04:00,0.74182,0.74632,0.73587,0.73996,2018,3,7,29
AUDUSD,W1,2018-07-29 04:00,0.73987,0.74400,0.73473,0.73960,2018,3,7,30
AUDUSD,W1,2018-08-05 04:00,0.73959,0.74523,0.72794,0.72926,2018,3,8,31
AUDUSD,W1,2018-08-12 04:00,0.72712,0.73182,0.72016,0.73160,2018,3,8,32
AUDUSD,W1,2018-08-19 04:00,0.73140,0.73807,0.72369,0.73230,2018,3,8,33
AUDUSD,W1,2018-08-26 04:00,0.73230,0.73614,0.71749,0.71911,2018,3,8,34
AUDUSD,W1,2018-09-02 04:00,0.71887,0.72346,0.70978,0.71022,2018,3,9,35
AUDUSD,W1,2018-09-09 04:00,0.71013,0.72284,0.70843,0.71514,2018,3,9,36
AUDUSD,W1,2018-09-16 04:00,0.71535,0.73031,0.71410,0.72882,2018,3,9,37
AUDUSD,W1,2018-09-23 04:00,0.72605,0.73143,0.72013,0.72158,2018,3,9,38
AUDUSD,W1,2018-09-30 04:00,0.72223,0.72372,0.70416,0.70485,2018,3,9,39
AUDUSD,W1,2018-10-07 04:00,0.70527,0.71393,0.70403,0.71158,2018,4,10,40
AUDUSD,W1,2018-10-14 04:00,0.71105,0.71592,0.70885,0.71189,2018,4,10,41
AUDUSD,W1,2018-10-21 04:00,0.71135,0.71247,0.70206,0.70872,2018,4,10,42
AUDUSD,W1,2018-10-28 04:00,0.70912,0.72581,0.70489,0.71976,2018,4,10,43
AUDUSD,W1,2018-11-04 04:00,0.71904,0.73022,0.71821,0.72255,2018,4,11,44
AUDUSD,W1,2018-11-11 04:00,0.72184,0.73375,0.71638,0.73305,2018,4,11,45
AUDUSD,W1,2018-11-18 04:00,0.73081,0.73253,0.72015,0.72271,2018,4,11,46
AUDUSD,W1,2018-11-25 04:00,0.72262,0.73440,0.71989,0.73130,2018,4,11,47
AUDUSD,W1,2018-12-02 04:00,0.73771,0.73931,0.71911,0.71984,2018,4,12,48
AUDUSD,W1,2018-12-09 04:00,0.71831,0.72462,0.71507,0.71735,2018,4,12,49
AUDUSD,W1,2018-12-16 04:00,0.71713,0.72030,0.70336,0.70347,2018,4,12,50
AUDUSD,W1,2018-12-23 04:00,0.70384,0.70772,0.70162,0.70375,2018,4,12,51
AUDUSD,W1,2018-12-30 04:00,0.70369,0.71242,0.67459,0.71179,2018,4,12,52
AUDUSD,W1,2019-01-06 04:00,0.71125,0.72346,0.71090,0.72143,2019,1,1,1
AUDUSD,W1,2019-01-13 04:00,0.72089,0.72252,0.71464,0.71650,2019,1,1,2
AUDUSD,W1,2019-01-20 04:00,0.71647,0.71848,0.70754,0.71786,2019,1,1,3
AUDUSD,W1,2019-01-27 04:00,0.71748,0.72947,0.71373,0.72465,2019,1,1,4
AUDUSD,W1,2019-02-03 04:00,0.72455,0.72641,0.70601,0.70885,2019,1,2,5
AUDUSD,W1,2019-02-10 04:00,0.70823,0.71480,0.70536,0.71372,2019,1,2,6
AUDUSD,W1,2019-02-17 04:00,0.71321,0.72063,0.70694,0.71278,2019,1,2,7
AUDUSD,W1,2019-02-24 04:00,0.71345,0.71984,0.70690,0.70788,2019,1,2,8
AUDUSD,W1,2019-03-03 04:00,0.71054,0.71073,0.70027,0.70431,2019,1,3,9
AUDUSD,W1,2019-03-10 04:00,0.70292,0.70975,0.70261,0.70848,2019,1,3,10
AUDUSD,W1,2019-03-17 04:00,0.70861,0.71677,0.70562,0.70796,2019,1,3,11
AUDUSD,W1,2019-03-24 04:00,0.70765,0.71471,0.70633,0.70955,2019,1,3,12
AUDUSD,W1,2019-03-31 04:00,0.71169,0.71314,0.70521,0.71032,2019,1,3,13
AUDUSD,W1,2019-04-07 04:00,0.71019,0.71918,0.70871,0.71716,2019,2,4,14
AUDUSD,W1,2019-04-14 04:00,0.71761,0.72055,0.71361,0.71521,2019,2,4,15
AUDUSD,W1,2019-04-21 04:00,0.71500,0.71529,0.69877,0.70376,2019,2,4,16
AUDUSD,W1,2019-04-28 04:00,0.70351,0.70687,0.69840,0.70231,2019,2,4,17
AUDUSD,W1,2019-05-05 04:00,0.69668,0.70473,0.69623,0.69978,2019,2,5,18
AUDUSD,W1,2019-05-12 04:00,0.69913,0.70004,0.68643,0.68666,2019,2,5,19
AUDUSD,W1,2019-05-19 04:00,0.69096,0.69341,0.68644,0.69259,2019,2,5,20
AUDUSD,W1,2019-05-26 04:00,0.69280,0.69436,0.68984,0.69343,2019,2,5,21
AUDUSD,W1,2019-06-02 04:00,0.69276,0.70216,0.69267,0.69990,2019,2,6,22
AUDUSD,W1,2019-06-09 04:00,0.70070,0.70070,0.68609,0.68690,2019,2,6,23
AUDUSD,W1,2019-06-16 04:00,0.68719,0.69373,0.68312,0.69246,2019,2,6,24
AUDUSD,W1,2019-06-23 04:00,0.69287,0.70225,0.69285,0.70201,2019,2,6,25
AUDUSD,W1,2019-06-30 04:00,0.70299,0.70473,0.69556,0.69770,2019,2,6,26
AUDUSD,W1,2019-07-07 04:00,0.69756,0.70241,0.69100,0.70180,2019,3,7,27
AUDUSD,W1,2019-07-14 04:00,0.70132,0.70816,0.69958,0.70442,2019,3,7,28
AUDUSD,W1,2019-07-21 04:00,0.70400,0.70568,0.69022,0.69066,2019,3,7,29
AUDUSD,W1,2019-07-28 04:00,0.69033,0.69160,0.67624,0.67967,2019,3,7,30
AUDUSD,W1,2019-08-04 04:00,0.67925,0.68214,0.66768,0.67831,2019,3,8,31
AUDUSD,W1,2019-08-11 04:00,0.67810,0.68178,0.67350,0.67756,2019,3,8,32
AUDUSD,W1,2019-08-18 04:00,0.67771,0.67986,0.67355,0.67506,2019,3,8,33
AUDUSD,W1,2019-08-25 04:00,0.67341,0.67876,0.66882,0.67359,2019,3,8,34
AUDUSD,W1,2019-09-01 04:00,0.67236,0.68609,0.66871,0.68486,2019,3,9,35
AUDUSD,W1,2019-09-08 04:00,0.68371,0.68940,0.68368,0.68762,2019,3,9,36
AUDUSD,W1,2019-09-15 04:00,0.68601,0.68833,0.67597,0.67631,2019,3,9,37
AUDUSD,W1,2019-09-22 04:00,0.67698,0.68054,0.67385,0.67629,2019,3,9,38
AUDUSD,W1,2019-09-29 04:00,0.67581,0.67766,0.66703,0.67649,2019,3,9,39
AUDUSD,W1,2019-10-06 04:00,0.67531,0.68101,0.67097,0.67905,2019,4,10,40
AUDUSD,W1,2019-10-13 04:00,0.67871,0.68566,0.67230,0.68555,2019,4,10,41
AUDUSD,W1,2019-10-20 04:00,0.68433,0.68823,0.68089,0.68202,2019,4,10,42
AUDUSD,W1,2019-10-27 04:00,0.68178,0.69291,0.68105,0.69124,2019,4,10,43
AUDUSD,W1,2019-11-03 04:00,0.69121,0.69276,0.68471,0.68576,2019,4,11,44
AUDUSD,W1,2019-11-10 04:00,0.68548,0.68649,0.67690,0.68194,2019,4,11,45
AUDUSD,W1,2019-11-17 04:00,0.68121,0.68341,0.67800,0.67849,2019,4,11,46
AUDUSD,W1,2019-11-24 04:00,0.67881,0.67988,0.67537,0.67557,2019,4,11,47
AUDUSD,W1,2019-12-01 04:00,0.67666,0.68617,0.67613,0.68396,2019,4,12,48
AUDUSD,W1,2019-12-08 04:00,0.68289,0.69381,0.67997,0.68709,2019,4,12,49
AUDUSD,W1,2019-12-15 04:00,0.68830,0.69062,0.68379,0.69005,2019,4,12,50
AUDUSD,W1,2019-12-22 04:00,0.68925,0.69866,0.68900,0.69792,2019,4,12,51
AUDUSD,W1,2019-12-29 04:00,0.69734,0.70313,0.69297,0.69455,2019,4,12,52
AUDUSD,W1,2020-01-05 04:00,0.69399,0.69572,0.68486,0.68977,2020,1,1,1
AUDUSD,W1,2020-01-12 04:00,0.68966,0.69332,0.68701,0.68729,2020,1,1,2
AUDUSD,W1,2020-01-19 04:00,0.68712,0.68880,0.68170,0.68251,2020,1,1,3
AUDUSD,W1,2020-01-26 04:00,0.68091,0.68178,0.66823,0.66855,2020,1,1,4
AUDUSD,W1,2020-02-02 04:00,0.66802,0.67736,0.66615,0.66736,2020,1,2,5
AUDUSD,W1,2020-02-09 04:00,0.66623,0.67493,0.66623,0.67121,2020,1,2,6
AUDUSD,W1,2020-02-16 04:00,0.67177,0.67329,0.65854,0.66266,2020,1,2,7
AUDUSD,W1,2020-02-23 04:00,0.65811,0.66220,0.64334,0.65051,2020,1,2,8
AUDUSD,W1,2020-03-01 04:00,0.64618,0.66567,0.64608,0.66406,2020,1,3,9
AUDUSD,W1,2020-03-08 04:00,0.66039,0.66845,0.61200,0.61832,2020,1,3,10
AUDUSD,W1,2020-03-15 04:00,0.61368,0.63027,0.55084,0.58044,2020,1,3,11
AUDUSD,W1,2020-03-22 04:00,0.58037,0.61995,0.56986,0.61627,2020,1,3,12
AUDUSD,W1,2020-03-29 04:00,0.61492,0.62129,0.59796,0.59907,2020,1,3,13
AUDUSD,W1,2020-04-05 04:00,0.60111,0.63674,0.59893,0.63454,2020,2,4,14
AUDUSD,W1,2020-04-12 04:00,0.63451,0.64442,0.62635,0.63597,2020,2,4,15
AUDUSD,W1,2020-04-19 04:00,0.63599,0.64055,0.62531,0.63906,2020,2,4,16
AUDUSD,W1,2020-04-26 04:00,0.63793,0.65694,0.63771,0.64178,2020,2,4,17
AUDUSD,W1,2020-05-03 04:00,0.64089,0.65476,0.63723,0.65288,2020,2,5,18
AUDUSD,W1,2020-05-10 04:00,0.65295,0.65609,0.64017,0.64134,2020,2,5,19
AUDUSD,W1,2020-05-17 04:00,0.64177,0.66157,0.64107,0.65347,2020,2,5,20
AUDUSD,W1,2020-05-24 04:00,0.65291,0.66826,0.65193,0.66645,2020,2,5,21
AUDUSD,W1,2020-05-31 04:00,0.66542,0.70126,0.66476,0.69690,2020,2,5,22
AUDUSD,W1,2020-06-07 04:00,0.69622,0.70638,0.67992,0.68673,2020,2,6,23
AUDUSD,W1,2020-06-14 04:00,0.68373,0.69760,0.67761,0.68337,2020,2,6,24
AUDUSD,W1,2020-06-21 04:00,0.68095,0.69740,0.68061,0.68621,2020,2,6,25
AUDUSD,W1,2020-06-28 04:00,0.68550,0.69517,0.68323,0.69357,2020,2,6,26
AUDUSD,W1,2020-07-05 04:00,0.69291,0.70005,0.69217,0.69461,2020,3,7,27
AUDUSD,W1,2020-07-12 04:00,0.69485,0.70373,0.69209,0.69940,2020,3,7,28
AUDUSD,W1,2020-07-19 04:00,0.69856,0.71818,0.69724,0.71047,2020,3,7,29
AUDUSD,W1,2020-07-26 04:00,0.70858,0.72267,0.70858,0.71418,2020,3,7,30
AUDUSD,W1,2020-08-02 04:00,0.71268,0.72428,0.70760,0.71567,2020,3,8,31
AUDUSD,W1,2020-08-09 04:00,0.71594,0.71892,0.71088,0.71700,2020,3,8,32
AUDUSD,W1,2020-08-16 04:00,0.71658,0.72752,0.71353,0.71602,2020,3,8,33
AUDUSD,W1,2020-08-23 04:00,0.71638,0.73667,0.71496,0.73648,2020,3,8,34
AUDUSD,W1,2020-08-30 04:00,0.73585,0.74132,0.72217,0.72825,2020,3,8,35
AUDUSD,W1,2020-09-06 04:00,0.72852,0.73241,0.71919,0.72811,2020,3,9,36
AUDUSD,W1,2020-09-13 04:00,0.72750,0.73444,0.72536,0.72908,2020,3,9,37
AUDUSD,W1,2020-09-20 04:00,0.72839,0.73238,0.70056,0.70250,2020,3,9,38
AUDUSD,W1,2020-09-27 04:00,0.70284,0.72088,0.70257,0.71625,2020,3,9,39
AUDUSD,W1,2020-10-04 04:00,0.71661,0.72427,0.70953,0.72404,2020,4,10,40
AUDUSD,W1,2020-10-11 04:00,0.72166,0.72371,0.70558,0.70775,2020,4,10,41
AUDUSD,W1,2020-10-18 04:00,0.70773,0.71576,0.70205,0.71362,2020,4,10,42
AUDUSD,W1,2020-10-25 04:00,0.71328,0.71568,0.70020,0.70265,2020,4,10,43
AUDUSD,W1,2020-11-01 04:00,0.70221,0.72891,0.69908,0.72609,2020,4,11,44
AUDUSD,W1,2020-11-08 04:00,0.72738,0.73393,0.72211,0.72681,2020,4,11,45
AUDUSD,W1,2020-11-15 04:00,0.72658,0.73392,0.72542,0.73039,2020,4,11,46
AUDUSD,W1,2020-11-22 04:00,0.73002,0.73985,0.72649,0.73813,2020,4,11,47
AUDUSD,W1,2020-11-29 04:00,0.73827,0.74491,0.73382,0.74259,2020,4,11,48
AUDUSD,W1,2020-12-06 04:00,0.74288,0.75715,0.73719,0.75329,2020,4,12,49
AUDUSD,W1,2020-12-13 04:00,0.75461,0.76392,0.75067,0.76214,2020,4,12,50
AUDUSD,W1,2020-12-20 04:00,0.75836,0.76062,0.74616,0.75996,2020,4,12,51
AUDUSD,W1,2020-12-27 04:00,0.75989,0.77419,0.75567,0.77058,2020,4,12,52
AUDUSD,W1,2021-01-03 04:00,0.77013,0.78197,0.76422,0.77663,2021,1,1,1
AUDUSD,W1,2021-01-10 04:00,0.77535,0.78052,0.76658,0.77028,2021,1,1,1
AUDUSD,W1,2021-01-17 04:00,0.77055,0.77817,0.76585,0.77100,2021,1,1,2
AUDUSD,W1,2021-01-24 04:00,0.77136,0.77631,0.75916,0.76416,2021,1,1,3
AUDUSD,W1,2021-01-31 04:00,0.76178,0.76784,0.75634,0.76738,2021,1,1,4
AUDUSD,W1,2021-02-07 04:00,0.76673,0.77712,0.76509,0.77592,2021,1,2,5
AUDUSD,W1,2021-02-14 04:00,0.77646,0.78766,0.77238,0.78675,2021,1,2,6
AUDUSD,W1,2021-02-21 04:00,0.78696,0.80067,0.76918,0.77038,2021,1,2,7
AUDUSD,W1,2021-02-28 04:00,0.77105,0.78377,0.76212,0.76782,2021,1,2,8
AUDUSD,W1,2021-03-07 04:00,0.76908,0.78001,0.76208,0.77555,2021,1,3,9
AUDUSD,W1,2021-03-14 04:00,0.77487,0.78486,0.76986,0.77384,2021,1,3,10
AUDUSD,W1,2021-03-21 04:00,0.77045,0.77560,0.75626,0.76421,2021,1,3,11
AUDUSD,W1,2021-03-28 04:00,0.76316,0.76636,0.75317,0.76057,2021,1,3,12
AUDUSD,W1,2021-04-04 04:00,0.76035,0.76764,0.75875,0.76183,2021,2,4,13
AUDUSD,W1,2021-04-11 04:00,0.76158,0.77605,0.75847,0.77342,2021,2,4,14
AUDUSD,W1,2021-04-18 04:00,0.77275,0.78154,0.76900,0.77479,2021,2,4,15
AUDUSD,W1,2021-04-25 04:00,0.77346,0.78174,0.76956,0.77096,2021,2,4,16
AUDUSD,W1,2021-05-02 04:00,0.77210,0.78609,0.76745,0.78424,2021,2,5,17
AUDUSD,W1,2021-05-09 04:00,0.78574,0.78904,0.76879,0.77807,2021,2,5,18
AUDUSD,W1,2021-05-16 04:00,0.77694,0.78129,0.77104,0.77260,2021,2,5,19
AUDUSD,W1,2021-05-23 04:00,0.77238,0.77954,0.76769,0.77082,2021,2,5,20
AUDUSD,W1,2021-05-30 04:00,0.77076,0.77726,0.76445,0.77415,2021,2,5,21
AUDUSD,W1,2021-06-06 04:00,0.77268,0.77751,0.76878,0.77023,2021,2,6,22
AUDUSD,W1,2021-06-13 04:00,0.77041,0.77254,0.74775,0.74777,2021,2,6,23
AUDUSD,W1,2021-06-20 04:00,0.74788,0.76161,0.74772,0.75889,2021,2,6,24
AUDUSD,W1,2021-06-27 04:00,0.75691,0.76011,0.74445,0.75238,2021,2,6,25
AUDUSD,W1,2021-07-04 04:00,0.75165,0.75985,0.74095,0.74900,2021,3,7,26
AUDUSD,W1,2021-07-11 04:00,0.74758,0.75023,0.73917,0.73932,2021,3,7,27
AUDUSD,W1,2021-07-18 04:00,0.73958,0.74024,0.72891,0.73628,2021,3,7,28
AUDUSD,W1,2021-07-25 04:00,0.73625,0.74129,0.73165,0.73375,2021,3,7,29
AUDUSD,W1,2021-08-01 04:00,0.73310,0.74260,0.73282,0.73536,2021,3,8,30
AUDUSD,W1,2021-08-08 04:00,0.73496,0.73884,0.73156,0.73690,2021,3,8,31
AUDUSD,W1,2021-08-15 04:00,0.73616,0.73726,0.71057,0.71363,2021,3,8,32
AUDUSD,W1,2021-08-22 04:00,0.71215,0.73162,0.71146,0.73101,2021,3,8,33
AUDUSD,W1,2021-08-29 04:00,0.73034,0.74774,0.72831,0.74473,2021,3,8,34
AUDUSD,W1,2021-09-05 04:00,0.74531,0.74683,0.73446,0.73519,2021,3,9,35
AUDUSD,W1,2021-09-12 04:00,0.73500,0.73752,0.72618,0.72623,2021,3,9,36
AUDUSD,W1,2021-09-19 04:00,0.72625,0.73159,0.72197,0.72557,2021,3,9,37
AUDUSD,W1,2021-09-26 04:00,0.72522,0.73105,0.71699,0.72621,2021,3,9,38
AUDUSD,W1,2021-10-03 04:00,0.72564,0.73375,0.72256,0.73068,2021,4,10,39
AUDUSD,W1,2021-10-10 04:00,0.73052,0.74395,0.72917,0.74157,2021,4,10,40
AUDUSD,W1,2021-10-17 04:00,0.74145,0.75460,0.73782,0.74653,2021,4,10,41
AUDUSD,W1,2021-10-24 04:00,0.74644,0.75550,0.74612,0.75194,2021,4,10,42
AUDUSD,W1,2021-10-31 04:00,0.75078,0.75356,0.73596,0.73974,2021,4,10,43
AUDUSD,W1,2021-11-07 04:00,0.73909,0.74313,0.72762,0.73301,2021,4,11,44
AUDUSD,W1,2021-11-14 04:00,0.73221,0.73702,0.72266,0.72288,2021,4,11,45
AUDUSD,W1,2021-11-21 04:00,0.72344,0.72730,0.71092,0.71190,2021,4,11,46
AUDUSD,W1,2021-11-28 04:00,0.71361,0.71725,0.69926,0.69940,2021,4,11,47
AUDUSD,W1,2021-12-05 04:00,0.69976,0.71863,0.69956,0.71721,2021,4,12,48
AUDUSD,W1,2021-12-12 04:00,0.71596,0.72234,0.70895,0.71220,2021,4,12,49
AUDUSD,W1,2021-12-19 04:00,0.71276,0.72511,0.70819,0.72182,2021,4,12,50
AUDUSD,W1,2021-12-26 04:00,0.72222,0.72751,0.72052,0.72701,2021,4,12,51
AUDUSD,W1,2022-01-02 04:00,0.72557,0.72766,0.71294,0.71780,2022,1,1,1
AUDUSD,W1,2022-01-09 04:00,0.71684,0.73138,0.71484,0.72085,2022,1,1,1
AUDUSD,W1,2022-01-16 04:00,0.72114,0.72760,0.71695,0.71736,2022,1,1,2
AUDUSD,W1,2022-01-23 04:00,0.71714,0.71873,0.69671,0.69898,2022,1,1,3
AUDUSD,W1,2022-01-30 04:00,0.69895,0.71676,0.69867,0.70741,2022,1,1,4
AUDUSD,W1,2022-02-06 04:00,0.70731,0.72482,0.70647,0.71274,2022,1,2,5
AUDUSD,W1,2022-02-13 04:00,0.71284,0.72273,0.70858,0.71743,2022,1,2,6
AUDUSD,W1,2022-02-20 04:00,0.71683,0.72834,0.70941,0.72257,2022,1,2,7
AUDUSD,W1,2022-02-27 04:00,0.71584,0.73801,0.71584,0.73719,2022,1,2,8
AUDUSD,W1,2022-03-06 04:00,0.73714,0.74406,0.72448,0.72901,2022,1,3,9
AUDUSD,W1,2022-03-13 04:00,0.72820,0.74173,0.71648,0.74119,2022,1,3,10
AUDUSD,W1,2022-03-20 04:00,0.74072,0.75365,0.73732,0.75135,2022,1,3,11
AUDUSD,W1,2022-03-27 04:00,0.75018,0.75397,0.74556,0.74982,2022,1,3,12
AUDUSD,W1,2022-04-03 04:00,0.74896,0.76608,0.74259,0.74594,2022,2,4,13
AUDUSD,W1,2022-04-10 04:00,0.74486,0.74930,0.73894,0.73895,2022,2,4,14
AUDUSD,W1,2022-04-17 04:00,0.73895,0.74578,0.72343,0.72424,2022,2,4,15
AUDUSD,W1,2022-04-24 04:00,0.72501,0.72506,0.70546,0.70599,2022,2,4,16
AUDUSD,W1,2022-05-01 04:00,0.70667,0.72655,0.70297,0.70701,2022,2,5,17
AUDUSD,W1,2022-05-08 04:00,0.70647,0.70705,0.68283,0.69373,2022,2,5,18
AUDUSD,W1,2022-05-15 04:00,0.69198,0.70729,0.68719,0.70379,2022,2,5,19
AUDUSD,W1,2022-05-22 04:00,0.70475,0.71665,0.70350,0.71595,2022,2,5,20
AUDUSD,W1,2022-05-29 04:00,0.71573,0.72824,0.71404,0.72045,2022,2,5,21
AUDUSD,W1,2022-06-05 04:00,0.72107,0.72458,0.70368,0.70414,2022,2,6,22
AUDUSD,W1,2022-06-12 04:00,0.70364,0.70687,0.68502,0.69334,2022,2,6,23
AUDUSD,W1,2022-06-19 04:00,0.69145,0.69955,0.68687,0.69372,2022,2,6,24
AUDUSD,W1,2022-06-26 04:00,0.69427,0.69643,0.67633,0.68142,2022,2,6,25
AUDUSD,W1,2022-07-03 04:00,0.68079,0.68942,0.67613,0.68505,2022,3,7,26
AUDUSD,W1,2022-07-10 04:00,0.68412,0.68535,0.66811,0.67928,2022,3,7,27
AUDUSD,W1,2022-07-17 04:00,0.67814,0.69770,0.67814,0.69228,2022,3,7,28
AUDUSD,W1,2022-07-24 04:00,0.69183,0.70314,0.68781,0.69871,2022,3,7,29
AUDUSD,W1,2022-07-31 04:00,0.69720,0.70466,0.68692,0.69102,2022,3,7,30
AUDUSD,W1,2022-08-07 04:00,0.69039,0.71365,0.68975,0.71214,2022,3,8,31
AUDUSD,W1,2022-08-14 04:00,0.71129,0.71247,0.68587,0.68753,2022,3,8,32
AUDUSD,W1,2022-08-21 04:00,0.68638,0.70085,0.68557,0.68905,2022,3,8,33
AUDUSD,W1,2022-08-28 04:00,0.68815,0.69557,0.67708,0.68075,2022,3,8,34
AUDUSD,W1,2022-09-04 04:00,0.67777,0.68768,0.66987,0.68427,2022,3,9,35
AUDUSD,W1,2022-09-11 04:00,0.68265,0.69157,0.66697,0.67186,2022,3,9,36
AUDUSD,W1,2022-09-18 04:00,0.67109,0.67469,0.65108,0.65247,2022,3,9,37
AUDUSD,W1,2022-09-25 04:00,0.65140,0.65375,0.63627,0.63977,2022,3,9,38
AUDUSD,W1,2022-10-02 04:00,0.64005,0.65470,0.63530,0.63565,2022,4,10,39
AUDUSD,W1,2022-10-09 04:00,0.63712,0.63796,0.61698,0.62002,2022,4,10,40
AUDUSD,W1,2022-10-16 04:00,0.62049,0.63923,0.62020,0.63798,2022,4,10,41
AUDUSD,W1,2022-10-23 04:00,0.63953,0.65216,0.62720,0.64123,2022,4,10,42
AUDUSD,W1,2022-10-30 04:00,0.64004,0.64919,0.62717,0.64685,2022,4,10,43
AUDUSD,W1,2022-11-06 04:00,0.64149,0.67165,0.63858,0.67068,2022,4,11,44
AUDUSD,W1,2022-11-13 04:00,0.66999,0.67971,0.66337,0.66726,2022,4,11,45
AUDUSD,W1,2022-11-20 04:00,0.66586,0.67808,0.65846,0.67519,2022,4,11,46
AUDUSD,W1,2022-11-27 04:00,0.67179,0.68430,0.66402,0.67936,2022,4,11,47
AUDUSD,W1,2022-12-04 04:00,0.67714,0.68505,0.66683,0.67965,2022,4,12,48
AUDUSD,W1,2022-12-11 04:00,0.67856,0.68930,0.66750,0.66858,2022,4,12,49
AUDUSD,W1,2022-12-18 04:00,0.67032,0.67668,0.66287,0.67136,2022,4,12,50
AUDUSD,W1,2022-12-25 04:00,0.67190,0.68205,0.67103,0.68174,2022,4,12,51
AUDUSD,W1,2023-01-01 04:00,0.67972,0.68864,0.66876,0.68746,2023,1,1,1
AUDUSD,W1,2023-01-08 04:00,0.68777,0.69938,0.68594,0.69749,2023,1,1,1
AUDUSD,W1,2023-01-15 04:00,0.69692,0.70631,0.68715,0.69663,2023,1,1,2
AUDUSD,W1,2023-01-22 04:00,0.69600,0.71421,0.69567,0.71097,2023,1,1,3
AUDUSD,W1,2023-01-29 04:00,0.70946,0.71574,0.69186,0.69213,2023,1,1,4
AUDUSD,W1,2023-02-05 04:00,0.68926,0.70109,0.68552,0.69187,2023,1,2,5
AUDUSD,W1,2023-02-12 04:00,0.69148,0.70292,0.68111,0.68776,2023,1,2,6
AUDUSD,W1,2023-02-19 04:00,0.68647,0.69203,0.67181,0.67252,2023,1,2,7
AUDUSD,W1,2023-02-26 04:00,0.67295,0.67833,0.66947,0.67686,2023,1,2,8
AUDUSD,W1,2023-03-05 04:00,0.67436,0.67691,0.65634,0.65818,2023,1,3,9
AUDUSD,W1,2023-03-12 04:00,0.66119,0.67246,0.65895,0.66956,2023,1,3,10
AUDUSD,W1,2023-03-19 04:00,0.67063,0.67586,0.66247,0.66435,2023,1,3,11
AUDUSD,W1,2023-03-26 04:00,0.66508,0.67375,0.66335,0.66834,2023,1,3,12
AUDUSD,W1,2023-04-02 04:00,0.66823,0.67930,0.66407,0.66674,2023,2,4,13
AUDUSD,W1,2023-04-09 04:00,0.66597,0.68052,0.66191,0.67079,2023,2,4,14
AUDUSD,W1,2023-04-16 04:00,0.66999,0.67713,0.66774,0.66925,2023,2,4,15
AUDUSD,W1,2023-04-23 04:00,0.66960,0.67052,0.65735,0.66147,2023,2,4,16
AUDUSD,W1,2023-04-30 04:00,0.66114,0.67567,0.66073,0.67524,2023,2,4,17
AUDUSD,W1,2023-05-07 04:00,0.67430,0.68178,0.66360,0.66394,2023,2,5,18
AUDUSD,W1,2023-05-14 04:00,0.66447,0.67093,0.66048,0.66453,2023,2,5,19
AUDUSD,W1,2023-05-21 04:00,0.66432,0.66674,0.64902,0.65164,2023,2,5,20
AUDUSD,W1,2023-05-28 04:00,0.65207,0.66381,0.64581,0.66049,2023,2,5,21
AUDUSD,W1,2023-06-04 04:00,0.66043,0.67505,0.65791,0.67433,2023,2,6,22
AUDUSD,W1,2023-06-11 04:00,0.67305,0.68993,0.67299,0.68717,2023,2,6,23
AUDUSD,W1,2023-06-18 04:00,0.68782,0.68821,0.66624,0.66763,2023,2,6,24
AUDUSD,W1,2023-06-25 04:00,0.66773,0.67204,0.65949,0.66577,2023,2,6,25
AUDUSD,W1,2023-07-02 04:00,0.66596,0.67052,0.65987,0.66917,2023,3,7,26
AUDUSD,W1,2023-07-09 04:00,0.66831,0.68947,0.66232,0.68368,2023,3,7,27
AUDUSD,W1,2023-07-16 04:00,0.68426,0.68463,0.67220,0.67306,2023,3,7,28
AUDUSD,W1,2023-07-23 04:00,0.67267,0.68209,0.66223,0.66461,2023,3,7,29
AUDUSD,W1,2023-07-30 04:00,0.66489,0.67392,0.65136,0.65653,2023,3,7,30
AUDUSD,W1,2023-08-06 04:00,0.65693,0.66160,0.64855,0.64942,2023,3,8,31
AUDUSD,W1,2023-08-13 04:00,0.64924,0.65213,0.63641,0.64000,2023,3,8,32
AUDUSD,W1,2023-08-20 04:00,0.64051,0.64876,0.63796,0.64016,2023,3,8,33
AUDUSD,W1,2023-08-27 04:00,0.64044,0.65217,0.64008,0.64431,2023,3,8,34
AUDUSD,W1,2023-09-03 04:00,0.64388,0.64799,0.63568,0.63740,2023,3,9,35
AUDUSD,W1,2023-09-10 04:00,0.63844,0.64729,0.63708,0.64294,2023,3,9,36
AUDUSD,W1,2023-09-17 04:00,0.64363,0.65107,0.63849,0.64394,2023,3,9,37
AUDUSD,W1,2023-09-24 04:00,0.64365,0.65005,0.63309,0.64292,2023,3,9,38
AUDUSD,W1,2023-10-01 04:00,0.64221,0.64446,0.62850,0.63829,2023,4,10,39
AUDUSD,W1,2023-10-08 04:00,0.63544,0.64447,0.62857,0.62944,2023,4,10,40
AUDUSD,W1,2023-10-15 04:00,0.63020,0.63927,0.62953,0.63114,2023,4,10,41
AUDUSD,W1,2023-10-22 04:00,0.63123,0.63991,0.62696,0.63318,2023,4,10,42
AUDUSD,W1,2023-10-29 04:00,0.63315,0.65177,0.63139,0.65121,2023,4,10,43
AUDUSD,W1,2023-11-05 04:00,0.65048,0.65221,0.63380,0.63591,2023,4,11,44
AUDUSD,W1,2023-11-12 04:00,0.63498,0.65414,0.63443,0.65134,2023,4,11,45
AUDUSD,W1,2023-11-19 04:00,0.65007,0.65901,0.64972,0.65798,2023,4,11,46
AUDUSD,W1,2023-11-26 04:00,0.65748,0.66756,0.65664,0.66738,2023,4,11,47
AUDUSD,W1,2023-12-03 04:00,0.66635,0.66897,0.65247,0.65730,2023,4,12,48
AUDUSD,W1,2023-12-10 04:00,0.65643,0.67279,0.65391,0.66999,2023,4,12,49
AUDUSD,W1,2023-12-17 04:00,0.66948,0.68243,0.66897,0.67950,2023,4,12,50
AUDUSD,W1,2023-12-24 04:00,0.68013,0.68705,0.67806,0.68084,2023,4,12,51
AUDUSD,W1,2023-12-31 04:00,0.68063,0.68384,0.66398,0.67119,2023,4,12,52
AUDUSD,W1,2024-01-07 04:00,0.67143,0.67340,0.66467,0.66854,2024,1,1,1
AUDUSD,W1,2024-01-14 04:00,0.66792,0.67037,0.65244,0.65949,2024,1,1,2
AUDUSD,W1,2024-01-21 04:00,0.65836,0.66204,0.65509,0.65754,2024,1,1,3
AUDUSD,W1,2024-01-28 04:00,0.65703,0.66237,0.65018,0.65108,2024,1,1,4
AUDUSD,W1,2024-02-04 04:00,0.65093,0.65396,0.64681,0.65215,2024,1,2,5
AUDUSD,W1,2024-02-11 04:00,0.65113,0.65440,0.64420,0.65275,2024,1,2,6
AUDUSD,W1,2024-02-18 04:00,0.65243,0.65942,0.65206,0.65628,2024,1,2,7
AUDUSD,W1,2024-02-25 04:00,0.65599,0.65662,0.64862,0.65239,2024,1,2,8
AUDUSD,W1,2024-03-03 04:00,0.65187,0.66668,0.64769,0.66211,2024,1,3,9
AUDUSD,W1,2024-03-10 04:00,0.66175,0.66383,0.65515,0.65601,2024,1,3,10
AUDUSD,W1,2024-03-17 04:00,0.65570,0.66338,0.65034,0.65139,2024,1,3,11
AUDUSD,W1,2024-03-24 04:00,0.65122,0.65584,0.64846,0.65057,2024,1,3,12
AUDUSD,W1,2024-03-31 04:00,0.65117,0.66182,0.64800,0.65774,2024,1,3,13
AUDUSD,W1,2024-04-07 04:00,0.65697,0.66435,0.64553,0.64609,2024,2,4,14
AUDUSD,W1,2024-04-14 04:00,0.64622,0.64924,0.63616,0.64162,2024,2,4,15
AUDUSD,W1,2024-04-21 04:00,0.64072,0.65533,0.64069,0.65320,2024,2,4,16
AUDUSD,W1,2024-04-28 04:00,0.65172,0.66472,0.64645,0.66089,2024,2,4,17
AUDUSD,W1,2024-05-05 04:00,0.66128,0.66433,0.65572,0.66023,2024,2,5,18
AUDUSD,W1,2024-05-12 04:00,0.66003,0.67133,0.65785,0.66929,2024,2,5,19
AUDUSD,W1,2024-05-19 04:00,0.66897,0.67087,0.65912,0.66270,2024,2,5,20
AUDUSD,W1,2024-05-26 04:00,0.66213,0.66790,0.65899,0.66522,2024,2,5,21
AUDUSD,W1,2024-06-02 04:00,0.66365,0.66978,0.65781,0.65788,2024,2,6,22
AUDUSD,W1,2024-06-09 04:00,0.65770,0.67036,0.65752,0.66139,2024,2,6,23
AUDUSD,W1,2024-06-16 04:00,0.66019,0.66784,0.65844,0.66399,2024,2,6,24
AUDUSD,W1,2024-06-23 04:00,0.66349,0.66878,0.66191,0.66683,2024,2,6,25
AUDUSD,W1,2024-06-30 04:00,0.66780,0.67521,0.66333,0.67476,2024,2,6,26
AUDUSD,W1,2024-07-07 04:00,0.67325,0.67979,0.67232,0.67830,2024,3,7,27
AUDUSD,W1,2024-07-14 04:00,0.67684,0.67880,0.66794,0.66831,2024,3,7,28
AUDUSD,W1,2024-07-21 04:00,0.66869,0.67015,0.65119,0.65455,2024,3,7,29
AUDUSD,W1,2024-07-28 04:00,0.65455,0.65676,0.64788,0.65103,2024,3,7,30
AUDUSD,W1,2024-08-04 04:00,0.65049,0.66044,0.63473,0.65715,2024,3,8,31
AUDUSD,W1,2024-08-11 04:00,0.65659,0.66706,0.65642,0.66692,2024,3,8,32
AUDUSD,W1,2024-08-18 04:00,0.66634,0.67977,0.66491,0.67960,2024,3,8,33
AUDUSD,W1,2024-08-25 04:00,0.67863,0.68232,0.67507,0.67642,2024,3,8,34
AUDUSD,W1,2024-09-01 04:00,0.67621,0.67941,0.66590,0.66688,2024,3,9,35
AUDUSD,W1,2024-09-08 04:00,0.66631,0.67319,0.66214,0.67031,2024,3,9,36
AUDUSD,W1,2024-09-15 04:00,0.66892,0.68382,0.66892,0.68047,2024,3,9,37
AUDUSD,W1,2024-09-22 04:00,0.67951,0.69365,0.67951,0.69004,2024,3,9,38
AUDUSD,W1,2024-09-29 04:00,0.69016,0.69413,0.67847,0.67928,2024,3,9,39
AUDUSD,W1,2024-10-06 04:00,0.67865,0.68096,0.66994,0.67487,2024,4,10,40
AUDUSD,W1,2024-10-13 04:00,0.67328,0.67441,0.66562,0.67055,2024,4,10,41
AUDUSD,W1,2024-10-20 04:00,0.67021,0.67226,0.66004,0.66031,2024,4,10,42
AUDUSD,W1,2024-10-27 04:00,0.66036,0.66143,0.65361,0.65583,2024,4,10,43
AUDUSD,W1,2024-11-03 04:00,0.66089,0.66870,0.65115,0.65782,2024,4,11,44
AUDUSD,W1,2024-11-10 04:00,0.65804,0.65975,0.64398,0.64618,2024,4,11,45
AUDUSD,W1,2024-11-17 04:00,0.64579,0.65436,0.64472,0.65010,2024,4,11,46
AUDUSD,W1,2024-11-24 04:00,0.65330,0.65490,0.64330,0.65091,2024,4,11,47
AUDUSD,W1,2024-12-01 04:00,0.65089,0.65130,0.63720,0.63848,2024,4,12,48
AUDUSD,W1,2024-12-08 04:00,0.63855,0.64707,0.63360,0.63580,2024,4,12,49
AUDUSD,W1,2024-12-15 04:00,0.63507,0.63820,0.61982,0.62482,2024,4,12,50
AUDUSD,W1,2024-12-22 04:00,0.62510,0.62642,0.61997,0.62110,2024,4,12,51
AUDUSD,W1,2024-12-29 04:00,0.62096,0.62460,0.61782,0.62132,2024,4,12,52
AUDUSD,W1,2025-01-05 04:00,0.62067,0.63015,0.61386,0.61415,2025,1,1,1
AUDUSD,W1,2025-01-12 04:00,0.61430,0.62458,0.61303,0.61902,2025,1,1,2
AUDUSD,W1,2025-01-19 04:00,0.61968,0.63300,0.61892,0.63100,2025,1,1,3
AUDUSD,W1,2025-01-26 04:00,0.62954,0.63070,0.61983,0.62078,2025,1,1,4
AUDUSD,W1,2025-02-02 04:00,0.61522,0.63003,0.60868,0.62681,2025,1,2,5
AUDUSD,W1,2025-02-09 04:00,0.62320,0.63669,0.62315,0.63496,2025,1,2,6
AUDUSD,W1,2025-02-16 04:00,0.63439,0.64075,0.63270,0.63547,2025,1,2,7
AUDUSD,W1,2025-02-23 04:00,0.63594,0.63914,0.61918,0.62065,2025,1,2,8
AUDUSD,W1,2025-03-02 04:00,0.62081,0.63631,0.61863,0.63045,2025,1,3,9
AUDUSD,W1,2025-03-09 04:00,0.63066,0.63328,0.62581,0.63227,2025,1,3,10
AUDUSD,W1,2025-03-16 04:00,0.63191,0.63901,0.62573,0.62698,2025,1,3,11
AUDUSD,W1,2025-03-23 04:00,0.62649,0.63299,0.62649,0.62837,2025,1,3,12
AUDUSD,W1,2025-03-30 04:00,0.62838,0.63883,0.59858,0.60377,2025,1,3,13
AUDUSD,W1,2025-04-06 04:00,0.59956,0.63002,0.59137,0.62862,2025,2,4,14
AUDUSD,W1,2025-04-13 04:00,0.63029,0.63933,0.62744,0.63740,2025,2,4,15
AUDUSD,W1,2025-04-20 04:00,0.63675,0.64386,0.63432,0.63912,2025,2,4,16
AUDUSD,W1,2025-04-27 04:00,0.63829,0.64692,0.63554,0.64463,2025,2,4,17
AUDUSD,W1,2025-05-04 04:00,0.64471,0.65139,0.63703,0.64069,2025,2,5,18
AUDUSD,W1,2025-05-11 04:00,0.64166,0.65004,0.63560,0.64002,2025,2,5,19
AUDUSD,W1,2025-05-18 04:00,0.63990,0.64988,0.63911,0.64927,2025,2,5,20
AUDUSD,W1,2025-05-25 04:00,0.64816,0.65366,0.64067,0.64287,2025,2,5,21
AUDUSD,W1,2025-06-01 04:00,0.64311,0.65372,0.64306,0.64919,2025,2,6,22
AUDUSD,W1,2025-06-08 04:00,0.64944,0.65452,0.64556,0.64870,2025,2,6,23
AUDUSD,W1,2025-06-15 04:00,0.64717,0.65514,0.64451,0.64464,2025,2,6,24
AUDUSD,W1,2025-06-22 04:00,0.64257,0.65634,0.63720,0.65260,2025,2,6,25
AUDUSD,W1,2025-06-29 04:00,0.65335,0.65897,0.65223,0.65454,2025,2,6,26
AUDUSD,W1,2025-07-06 04:00,0.65561,0.65944,0.64849,0.65728,2025,3,7,27
AUDUSD,W1,2025-07-13 04:00,0.65586,0.65868,0.64537,0.65051,2025,3,7,28
AUDUSD,W1,2025-07-20 04:00,0.65083,0.66244,0.64973,0.65641,2025,3,7,29
AUDUSD,W1,2025-07-27 04:00,0.65700,0.65851,0.64184,0.64633,2025,3,7,30
AUDUSD,W1,2025-08-03 04:00,0.64605,0.65406,0.64489,0.65175,2025,3,8,31
AUDUSD,W1,2025-08-10 04:00,0.65189,0.65680,0.64792,0.65039,2025,3,8,32
AUDUSD,W1,2025-08-17 04:00,0.65081,0.65235,0.64131,0.64894,2025,3,8,33
AUDUSD,W1,2025-08-24 04:00,0.64827,0.65477,0.64618,0.65402,2025,3,8,34
AUDUSD,W1,2025-08-31 04:00,0.65440,0.65880,0.64822,0.65560,2025,3,8,35
AUDUSD,W1,2025-09-07 04:00,0.65493,0.66682,0.65454,0.66478,2025,3,9,36
AUDUSD,W1,2025-09-14 04:00,0.66321,0.67064,0.65852,0.65933,2025,3,9,37
AUDUSD,W1,2025-09-21 04:00,0.65894,0.66273,0.65200,0.65458,2025,3,9,38
AUDUSD,W1,2025-09-28 04:00,0.65441,0.66282,0.65410,0.66013,2025,3,9,39
AUDUSD,W1,2025-10-05 04:00,0.65802,0.66236,0.64708,0.64751,2025,4,10,40
AUDUSD,W1,2025-10-12 04:00,0.65092,0.65321,0.64397,0.64936,2025,4,10,41
AUDUSD,W1,2025-10-19 04:00,0.64864,0.65282,0.64720,0.65124,2025,4,10,42
AUDUSD,W1,2025-10-26 04:00,0.65414,0.66169,0.65277,0.65443,2025,4,10,43
AUDUSD,W1,2025-11-02 04:00,0.65427,0.65618,0.64579,0.64942,2025,4,11,44
AUDUSD,W1,2025-11-09 04:00,0.64932,0.65797,0.64883,0.65346,2025,4,11,45
AUDUSD,W1,2025-11-16 04:00,0.65270,0.65367,0.64207,0.64534,2025,4,11,46
AUDUSD,W1,2025-11-23 04:00,0.64540,0.65585,0.64355,0.65495,2025,4,11,47
AUDUSD,W1,2025-11-30 04:00,0.65381,0.66482,0.65347,0.66406,2025,4,11,48
AUDUSD,W1,2025-12-07 04:00,0.66291,0.66852,0.66071,0.66521,2025,4,12,49
AUDUSD,W1,2025-12-14 04:00,0.66349,0.66604,0.65919,0.66102,2025,4,12,50
AUDUSD,W1,2025-12-21 04:00,0.66066,0.67240,0.66020,0.67127,2025,4,12,51
AUDUSD,W1,2025-12-28 04:00,0.66951,0.67267,0.66591,0.66935,2025,4,12,52
AUDUSD,W1,2026-01-04 04:00,0.66775,0.67659,0.66622,0.66868,2026,1,1,1
AUDUSD,W1,2026-01-11 04:00,0.66714,0.67265,0.66665,0.66823,2026,1,1,2
AUDUSD,W1,2026-01-18 04:00,0.66710,0.68982,0.66669,0.68949,2026,1,1,3
AUDUSD,W1,2026-01-25 04:00,0.69209,0.70935,0.69008,0.70578,2026,1,1,4
