Date,Year,Quarter,Month,Week,IBIT,FBTC,BITB,ARKB,BTCO,EZBC,BRRR,HODL,BTCW,GBTC,BTC,DailyTotal,AllTimeTotal
2024-01-11,2024,1,1,2,111.70,227.00,237.90,65.30,17.40,50.10,29.40,10.60,1.00,-95.10,0.00,655.30,655.30
2024-01-12,2024,1,1,2,386.00,195.30,17.40,39.80,28.40,0.00,20.20,0.00,0.00,-484.10,0.00,203.00,858.30
2024-01-16,2024,1,1,3,212.70,102.00,50.20,122.30,31.90,0.00,15.30,7.30,0.00,-594.40,0.00,-52.70,805.60
2024-01-17,2024,1,1,3,371.40,358.10,68.20,50.30,57.60,1.20,1.20,4.80,1.60,-460.60,0.00,453.80,1259.40
2024-01-18,2024,1,1,3,145.50,177.90,20.10,41.80,58.80,0.00,9.30,2.30,0.00,-582.30,0.00,-126.60,1132.80
2024-01-19,2024,1,1,3,201.50,222.30,56.70,62.60,63.40,0.00,10.40,14.20,2.90,-590.40,0.00,43.60,1176.40
2024-01-22,2024,1,1,4,260.60,158.70,41.60,65.00,5.60,4.70,9.70,6.80,0.40,-640.50,0.00,-87.40,1089.00
2024-01-23,2024,1,1,4,160.10,157.70,26.30,61.80,0.00,1.10,0.00,2.20,0.00,-515.30,0.00,-106.10,982.90
2024-01-24,2024,1,1,4,66.20,125.70,19.10,24.90,19.90,1.20,9.10,4.50,0.40,-429.30,0.00,-158.30,824.60
2024-01-25,2024,1,1,4,170.70,101.00,20.00,16.10,0.00,0.00,6.50,0.00,0.00,-394.10,0.00,-79.80,744.80
2024-01-26,2024,1,1,4,87.10,100.10,30.90,46.40,0.00,1.20,1.80,2.40,0.00,-255.10,0.00,14.80,759.60
2024-01-29,2024,1,1,5,198.40,208.20,20.00,17.20,3.00,0.00,0.00,0.00,0.00,-191.70,0.00,255.10,1014.70
2024-01-30,2024,1,1,5,299.20,119.20,21.90,16.80,6.30,2.50,0.00,0.00,2.10,-220.70,0.00,247.30,1262.00
2024-01-31,2024,1,1,5,116.20,232.00,17.80,14.80,1.50,0.00,0.60,2.40,0.00,-187.70,0.00,197.60,1459.60
2024-02-01,2024,1,2,5,163.90,35.80,4.20,15.90,0.00,0.00,0.00,0.00,0.70,-182.00,0.00,38.50,1498.10
2024-02-02,2024,1,2,5,105.80,78.90,11.50,22.60,0.00,2.50,0.00,2.40,0.90,-144.60,0.00,80.00,1578.10
2024-02-05,2024,1,2,6,137.30,38.00,0.00,0.00,0.00,0.00,0.00,0.00,0.70,-107.90,0.00,68.10,1646.20
2024-02-06,2024,1,2,6,45.20,37.70,11.30,8.60,0.00,0.00,0.00,2.40,1.10,-72.70,0.00,33.60,1679.80
2024-02-07,2024,1,2,6,56.20,130.10,21.40,3.30,8.60,5.10,1.20,0.00,0.90,-80.80,0.00,146.00,1825.80
2024-02-08,2024,1,2,6,204.10,128.30,60.50,86.40,13.40,0.00,1.90,10.30,1.70,-101.60,0.00,405.00,2230.80
2024-02-09,2024,1,2,6,250.70,188.40,29.10,136.50,-17.40,1.40,1.40,2.70,0.50,-51.80,0.00,541.50,2772.30
2024-02-12,2024,1,2,7,374.70,151.90,33.00,40.00,-20.80,0.00,1.10,8.50,0.00,-95.00,0.00,493.40,3265.70
2024-02-13,2024,1,2,7,493.10,163.60,10.80,40.00,0.00,0.00,0.00,0.00,1.60,-72.80,0.00,636.30,3902.00
2024-02-14,2024,1,2,7,224.30,118.90,47.20,101.50,-37.50,9.00,1.00,2.90,3.60,-131.20,0.00,339.70,4241.70
2024-02-15,2024,1,2,7,330.90,97.40,120.20,88.90,1.30,3.00,7.40,2.90,0.00,-174.60,0.00,477.40,4719.10
2024-02-16,2024,1,2,7,191.40,116.70,20.90,140.00,1.00,0.00,7.90,0.00,2.80,-150.40,0.00,330.30,5049.40
2024-02-20,2024,1,2,8,154.30,71.70,11.10,27.40,0.00,0.00,0.00,5.90,2.20,-137.00,0.00,135.60,5185.00
2024-02-21,2024,1,2,8,96.50,52.50,0.00,10.70,1.00,3.00,0.00,0.00,0.00,-199.30,0.00,-35.60,5149.40
2024-02-22,2024,1,2,8,125.10,158.90,7.90,6.70,0.00,0.00,1.20,2.90,4.40,-55.70,0.00,251.40,5400.80
2024-02-23,2024,1,2,8,167.50,52.50,12.00,34.50,0.00,1.50,0.00,8.70,0.00,-44.20,0.00,232.50,5633.30
2024-02-26,2024,1,2,9,111.80,243.30,37.20,130.60,4.40,7.90,0.00,6.20,0.90,-22.40,0.00,519.90,6153.20
2024-02-27,2024,1,2,9,520.20,126.00,18.40,5.40,2.60,16.60,0.00,9.70,3.60,-125.60,0.00,576.90,6730.10
2024-02-28,2024,1,2,9,612.10,245.20,9.90,23.80,0.00,0.00,0.00,-3.40,2.20,-216.40,0.00,673.40,7403.50
2024-02-29,2024,1,2,9,603.90,44.80,21.70,9.90,-1.50,5.40,0.00,7.00,0.00,-598.90,0.00,92.30,7495.80
2024-03-01,2024,1,3,9,202.50,49.30,42.30,55.10,0.00,5.40,0.00,-1.80,0.00,-492.40,0.00,-139.60,7356.20
2024-03-04,2024,1,3,10,420.10,404.60,90.90,38.20,-25.70,7.80,3.70,-5.70,-3.20,-368.00,0.00,562.70,7918.90
2024-03-05,2024,1,3,10,788.30,125.60,3.70,63.70,-14.20,3.60,0.00,3.50,6.60,-332.50,0.00,648.30,8567.20
2024-03-06,2024,1,3,10,281.70,205.70,28.60,41.30,3.00,5.80,40.70,0.00,1.40,-276.20,0.00,332.00,8899.20
2024-03-07,2024,1,3,10,244.20,473.40,41.40,42.10,0.00,0.00,41.80,1.90,2.50,-374.80,0.00,472.50,9371.70
2024-03-08,2024,1,3,10,336.30,130.30,8.00,1.70,-7.60,8.00,41.40,7.80,0.00,-302.90,0.00,223.00,9594.70
2024-03-11,2024,1,3,11,562.90,215.50,49.80,13.00,-9.70,0.00,43.40,118.80,5.80,-494.10,0.00,505.40,10100.10
2024-03-12,2024,1,3,11,849.00,51.60,24.60,93.00,-19.70,0.00,39.60,82.90,3.00,-79.00,0.00,1045.00,11145.10
2024-03-13,2024,1,3,11,586.50,281.50,5.60,44.60,0.00,19.10,4.10,16.50,2.30,-276.50,0.00,683.70,11828.80
2024-03-14,2024,1,3,11,345.40,13.70,0.00,3.50,0.00,4.00,9.40,13.80,0.00,-257.10,0.00,132.70,11961.50
2024-03-15,2024,1,3,11,139.80,155.60,20.50,0.00,0.00,2.00,1.20,15.80,3.30,-139.40,0.00,198.80,12160.30
2024-03-18,2024,1,3,12,451.50,5.90,17.60,2.70,0.00,0.00,4.80,5.70,0.00,-642.50,0.00,-154.30,12006.00
2024-03-19,2024,1,3,12,75.20,39.60,2.50,0.00,0.00,0.00,0.00,0.00,0.00,-443.50,0.00,-326.20,11679.80
2024-03-20,2024,1,3,12,49.30,12.90,18.60,23.30,-10.20,19.00,2.90,9.30,0.00,-386.60,0.00,-261.50,11418.30
2024-03-21,2024,1,3,12,233.40,2.90,12.00,2.00,4.20,3.80,4.70,1.80,0.00,-358.80,0.00,-94.00,11324.30
2024-03-22,2024,1,3,12,18.90,18.10,16.30,5.40,4.50,29.60,25.50,0.00,0.00,-169.90,0.00,-51.60,11272.70
2024-03-25,2024,1,3,13,35.50,261.80,14.00,0.00,18.50,20.50,11.20,4.00,0.00,-350.10,0.00,15.40,11288.10
2024-03-26,2024,1,3,13,162.20,279.10,16.70,73.60,26.70,26.30,29.90,15.80,0.00,-212.30,0.00,418.00,11706.10
2024-03-27,2024,1,3,13,323.80,1.50,0.00,200.70,4.80,4.00,5.10,1.90,1.50,-299.80,0.00,243.50,11949.60
2024-03-28,2024,1,3,13,95.10,68.10,67.00,27.60,3.90,0.00,6.00,20.00,0.00,-104.90,0.00,182.80,12132.40
2024-04-01,2024,2,4,14,165.90,44.00,1.10,-0.30,4.20,0.00,0.00,2.00,0.00,-302.60,0.00,-85.70,12046.70
2024-04-02,2024,2,4,14,150.50,44.80,4.30,-87.50,0.00,0.00,3.70,5.60,0.00,-81.90,0.00,39.50,12086.20
2024-04-03,2024,2,4,14,42.00,116.70,23.00,0.00,0.00,3.80,0.00,0.00,3.10,-75.10,0.00,113.50,12199.70
2024-04-04,2024,2,4,14,144.00,106.60,11.20,12.00,0.00,0.00,3.40,15.50,0.00,-79.30,0.00,213.40,12413.10
2024-04-05,2024,2,4,14,308.80,83.00,7.40,0.00,2.70,0.00,0.00,0.00,0.00,-198.90,0.00,203.00,12616.10
2024-04-08,2024,2,4,15,21.30,6.30,40.30,9.30,0.00,0.00,0.00,0.00,2.30,-303.30,0.00,-223.80,12392.30
2024-04-09,2024,2,4,15,128.70,3.00,3.80,0.00,0.00,0.00,0.00,0.00,0.00,-154.90,0.00,-19.40,12372.90
2024-04-10,2024,2,4,15,33.30,76.30,24.30,7.30,0.00,0.00,0.00,0.00,0.00,-17.50,0.00,123.70,12496.60
2024-04-11,2024,2,4,15,192.10,4.60,11.10,0.00,0.00,0.00,8.40,0.00,0.00,-124.90,0.00,91.30,12587.90
2024-04-12,2024,2,4,15,111.10,0.00,0.00,0.00,0.00,0.00,0.00,0.00,0.00,-166.20,0.00,-55.10,12532.80
2024-04-15,2024,2,4,16,73.40,0.00,0.00,0.00,0.00,0.00,0.00,0.00,0.00,-110.10,0.00,-36.70,12496.10
2024-04-16,2024,2,4,16,25.80,1.40,0.00,-12.90,0.00,1.80,1.70,3.60,0.00,-79.40,0.00,-58.00,12438.10
2024-04-17,2024,2,4,16,18.10,0.00,-7.30,-42.70,0.00,0.00,0.00,0.00,0.00,-133.10,0.00,-165.00,12273.10
2024-04-18,2024,2,4,16,18.80,37.40,12.80,9.50,0.00,0.00,0.00,7.20,0.00,-90.00,0.00,-4.30,12268.80
2024-04-19,2024,2,4,16,29.30,54.80,4.90,12.50,3.90,1.90,0.00,-1.80,0.00,-45.80,0.00,59.70,12328.50
2024-04-22,2024,2,4,17,19.70,34.80,2.20,22.60,2.70,7.70,0.00,7.50,0.00,-35.00,0.00,62.20,12390.70
2024-04-23,2024,2,4,17,37.90,4.40,23.20,33.30,-0.30,1.90,0.00,-1.90,0.00,-66.90,0.00,31.60,12422.30
2024-04-24,2024,2,4,17,0.00,5.60,0.00,4.20,0.00,0.00,0.00,0.00,0.00,-130.40,0.00,-120.60,12301.70
2024-04-25,2024,2,4,17,0.00,-22.60,-6.00,-31.30,0.00,1.90,-20.20,0.00,0.00,-139.40,0.00,-217.60,12084.10
2024-04-26,2024,2,4,17,0.00,-2.80,-3.80,5.40,0.00,0.00,0.00,0.00,0.00,-82.40,0.00,-83.60,12000.50
2024-04-29,2024,2,4,18,0.00,-6.90,6.80,-31.30,0.00,1.80,2.70,0.00,0.00,-24.70,0.00,-51.60,11948.90
2024-04-30,2024,2,4,18,0.00,-35.30,-34.30,3.60,-2.40,0.00,0.00,0.00,0.00,-93.20,0.00,-161.60,11787.30
2024-05-01,2024,2,5,18,-36.90,-191.10,-29.00,-98.10,-5.40,-13.40,-9.70,-6.50,-6.20,-167.40,0.00,-563.70,11223.60
2024-05-02,2024,2,5,18,0.00,0.00,0.00,13.30,1.50,3.40,2.30,0.00,0.00,-54.90,0.00,-34.40,11189.20
2024-05-03,2024,2,5,18,12.70,102.60,33.50,28.10,33.20,60.90,35.60,8.70,0.00,63.00,0.00,378.30,11567.50
2024-05-06,2024,2,5,19,21.50,99.20,2.10,75.60,11.10,1.80,0.00,1.80,0.00,3.90,0.00,217.00,11784.50
2024-05-07,2024,2,5,19,0.00,4.10,0.00,2.80,6.00,0.00,0.00,0.00,0.00,-28.60,0.00,-15.70,11768.80
2024-05-08,2024,2,5,19,0.00,0.00,11.50,0.00,0.00,0.00,0.00,0.00,0.00,0.00,0.00,11.50,11780.30
2024-05-09,2024,2,5,19,14.20,2.70,6.80,4.40,2.20,1.80,0.00,0.00,0.00,-43.40,0.00,-11.30,11769.00
2024-05-10,2024,2,5,19,12.40,5.30,0.00,0.00,0.00,0.00,0.00,0.00,0.60,-103.00,0.00,-84.70,11684.30
2024-05-13,2024,2,5,20,0.00,38.60,20.30,0.00,0.00,0.00,0.00,7.10,0.00,0.00,0.00,66.00,11750.30
2024-05-14,2024,2,5,20,0.00,8.10,0.00,133.10,5.50,1.80,1.20,1.70,0.00,-50.90,0.00,100.50,11850.80
2024-05-15,2024,2,5,20,0.00,131.30,86.30,38.60,4.60,1.90,3.70,7.50,2.10,27.00,0.00,303.00,12153.80
2024-05-16,2024,2,5,20,93.70,67.10,1.40,62.00,6.20,3.80,18.50,0.00,0.00,4.60,0.00,257.30,12411.10
2024-05-17,2024,2,5,20,38.10,99.40,20.80,10.00,5.70,0.00,6.40,9.50,0.00,31.60,0.00,221.50,12632.60
2024-05-20,2024,2,5,21,66.40,64.00,24.00,68.30,0.00,0.00,0.00,0.00,5.20,9.30,0.00,237.20,12869.80
2024-05-21,2024,2,5,21,290.00,25.80,-4.20,0.00,0.00,0.00,0.00,-5.90,0.00,0.00,0.00,305.70,13175.50
2024-05-22,2024,2,5,21,92.00,74.60,0.00,3.50,0.00,0.00,0.00,0.00,0.00,-16.10,0.00,154.00,13329.50
2024-05-23,2024,2,5,21,89.00,19.10,0.00,2.00,2.00,0.00,0.00,9.50,0.00,-13.70,0.00,107.90,13437.40
2024-05-24,2024,2,5,21,182.10,43.70,6.40,4.10,0.00,0.00,0.00,15.60,0.00,0.00,0.00,251.90,13689.30
2024-05-28,2024,2,5,22,102.50,34.30,3.30,4.10,3.40,0.00,1.20,0.00,1.40,-105.20,0.00,45.00,13734.30
2024-05-29,2024,2,5,22,24.60,17.70,11.00,4.00,1.00,0.00,0.00,0.00,1.10,-31.10,0.00,28.30,13762.60
2024-05-30,2024,2,5,22,1.60,119.10,25.90,-99.90,2.10,0.00,0.00,0.00,0.00,0.00,0.00,48.80,13811.40
2024-05-31,2024,2,5,22,169.10,5.90,0.00,0.00,0.00,0.00,0.00,-1.90,0.00,-124.30,0.00,48.80,13860.20
2024-06-03,2024,2,6,23,0.00,77.00,14.30,10.70,0.00,0.00,0.00,2.00,1.10,0.00,0.00,105.10,13965.30
2024-06-04,2024,2,6,23,274.40,378.70,61.00,138.70,0.00,0.00,1.60,4.00,0.00,28.20,0.00,886.60,14851.90
2024-06-05,2024,2,6,23,155.40,220.60,18.50,71.40,3.60,0.00,0.00,4.00,0.00,14.60,0.00,488.10,15340.00
2024-06-06,2024,2,6,23,349.90,3.10,-3.10,-96.60,0.00,0.00,0.00,2.00,0.00,-37.60,0.00,217.70,15557.70
2024-06-07,2024,2,6,23,168.30,0.00,-7.90,6.90,0.00,0.00,0.00,0.00,0.00,-36.30,0.00,131.00,15688.70
2024-06-10,2024,2,6,24,6.30,-3.00,7.60,0.00,-20.50,0.00,-15.80,0.00,0.00,-39.50,0.00,-64.90,15623.80
2024-06-11,2024,2,6,24,0.00,-7.40,-11.70,-56.50,0.00,0.00,0.00,-3.80,0.00,-121.00,0.00,-200.40,15423.40
2024-06-12,2024,2,6,24,15.60,50.60,14.50,8.50,0.00,0.00,0.00,11.60,0.00,0.00,0.00,100.80,15524.20
2024-06-13,2024,2,6,24,18.20,-106.40,-9.80,-52.70,-2.70,0.00,0.00,-11.30,0.00,-61.50,0.00,-226.20,15298.00
2024-06-14,2024,2,6,24,1.50,-80.10,-7.10,-49.00,-2.90,0.00,0.00,0.00,0.00,-52.30,0.00,-189.90,15108.10
2024-06-17,2024,2,6,25,0.00,-92.00,2.90,-50.00,0.00,0.00,0.00,-3.80,0.00,-3.00,0.00,-145.90,14962.20
2024-06-18,2024,2,6,25,0.00,-83.10,-7.00,0.00,0.00,0.00,0.00,0.00,0.00,-62.30,0.00,-152.40,14809.80
2024-06-20,2024,2,6,25,1.50,-51.10,-31.50,0.00,-2.00,0.00,0.00,-3.70,0.00,-53.10,0.00,-139.90,14669.90
2024-06-21,2024,2,6,25,0.00,-44.80,0.00,-28.80,0.00,1.90,0.00,0.00,0.00,-34.20,0.00,-105.90,14564.00
2024-06-24,2024,2,6,26,0.00,-35.20,-8.20,-7.20,-2.40,-20.90,0.00,-10.20,0.00,-90.40,0.00,-174.50,14389.50
2024-06-25,2024,2,6,26,0.00,48.80,15.20,-6.20,0.00,0.00,0.00,3.50,0.00,-30.30,0.00,31.00,14420.50
2024-06-26,2024,2,6,26,0.00,18.60,0.00,-4.90,0.00,0.00,0.00,3.40,0.00,4.30,0.00,21.40,14441.90
2024-06-27,2024,2,6,26,0.00,6.70,8.00,1.80,3.10,3.60,0.00,0.00,0.00,-11.40,0.00,11.80,14453.70
2024-06-28,2024,2,6,26,82.40,-25.00,0.00,42.80,0.00,0.00,0.00,0.00,0.00,-27.20,0.00,73.00,14526.70
2024-07-01,2024,3,7,27,0.00,65.00,41.40,12.70,3.20,1.80,0.00,5.40,0.00,0.00,0.00,129.50,14656.20
2024-07-02,2024,3,7,27,14.10,5.40,-6.80,2.50,0.00,0.00,0.00,3.50,0.00,-32.40,0.00,-13.70,14642.50
2024-07-03,2024,3,7,27,0.00,6.50,0.00,0.00,0.00,0.00,0.00,0.00,0.00,-27.00,0.00,-20.50,14622.00
2024-07-05,2024,3,7,27,0.00,117.40,30.20,11.30,0.00,0.00,0.00,12.80,0.00,-28.60,0.00,143.10,14765.10
2024-07-08,2024,3,7,28,187.20,61.50,11.00,8.40,0.00,0.00,0.00,1.60,0.00,25.10,0.00,294.80,15059.90
2024-07-09,2024,3,7,28,121.00,91.00,-4.70,43.30,0.00,0.00,0.00,3.30,0.00,-37.50,0.00,216.40,15276.30
2024-07-10,2024,3,7,28,22.20,57.80,4.70,5.70,9.50,31.70,20.70,3.30,0.00,-8.20,0.00,147.40,15423.70
2024-07-11,2024,3,7,28,72.10,32.70,7.50,4.30,0.00,0.00,0.00,0.00,0.00,-37.70,0.00,78.90,15502.60
2024-07-12,2024,3,7,28,120.00,115.10,28.40,13.00,4.00,0.00,0.00,6.60,0.00,23.00,0.00,310.10,15812.70
2024-07-15,2024,3,7,29,117.20,36.10,15.20,117.20,7.90,3.70,0.00,3.60,0.00,0.00,0.00,300.90,16113.60
2024-07-16,2024,3,7,29,260.20,61.10,17.30,29.80,20.50,9.40,2.20,22.00,0.00,0.00,0.00,422.50,16536.10
2024-07-17,2024,3,7,29,110.40,2.80,-6.00,0.00,0.00,0.00,0.00,0.00,0.00,-53.90,0.00,53.30,16589.40
2024-07-18,2024,3,7,29,102.70,2.80,0.00,-47.60,0.00,0.00,0.00,1.80,0.00,-22.50,0.00,37.20,16626.60
2024-07-19,2024,3,7,29,116.20,141.00,44.60,43.60,6.40,3.90,7.60,41.80,1.80,20.30,0.00,427.20,17053.80
2024-07-22,2024,3,7,30,526.70,23.70,-47.70,0.00,13.70,7.90,0.00,-38.40,0.00,0.00,0.00,485.90,17539.70
2024-07-23,2024,3,7,30,71.90,0.00,-70.30,-52.30,0.00,0.00,0.00,0.00,0.00,-27.30,0.00,-78.00,17461.70
2024-07-24,2024,3,7,30,66.00,1.40,0.00,3.30,0.00,0.00,0.00,0.00,0.00,-26.20,0.00,44.50,17506.20
2024-07-25,2024,3,7,30,70.70,0.00,0.00,0.00,0.00,0.00,0.00,0.00,0.00,-39.60,0.00,31.10,17537.30
2024-07-26,2024,3,7,30,23.20,4.50,31.40,0.00,0.00,0.00,0.00,19.20,0.00,-26.50,0.00,51.80,17589.10
2024-07-29,2024,3,7,31,205.60,-5.90,-21.30,0.00,0.00,0.00,0.00,0.00,0.00,-54.30,0.00,124.10,17713.20
2024-07-30,2024,3,7,31,74.90,-2.90,-3.20,-7.90,0.00,0.00,0.00,-5.60,0.00,-73.60,0.00,-18.30,17694.90
2024-07-31,2024,3,7,31,21.00,-31.60,-2.50,-4.60,0.00,0.00,0.00,0.00,0.00,0.00,18.00,0.30,17695.20
2024-08-01,2024,3,8,31,25.90,-48.40,-20.70,-22.40,0.00,0.00,0.00,-3.60,0.00,-71.30,191.10,50.60,17745.80
2024-08-02,2024,3,8,31,42.80,-104.10,-29.40,-87.70,0.00,0.00,0.00,-23.00,0.00,-45.90,9.90,-237.40,17508.40
2024-08-05,2024,3,8,32,0.00,-58.00,2.90,-69.00,0.00,0.00,0.00,3.00,0.00,-69.10,21.80,-168.40,17340.00
2024-08-06,2024,3,8,32,0.00,-64.50,0.00,-28.90,0.00,-23.00,0.00,0.00,0.00,-32.20,0.00,-148.60,17191.40
2024-08-07,2024,3,8,32,52.50,0.00,3.00,0.00,0.00,0.00,0.00,0.00,10.50,-30.60,9.70,45.10,17236.50
2024-08-08,2024,3,8,32,157.60,65.20,0.00,32.80,0.00,0.00,0.00,3.40,118.50,-182.90,0.00,194.60,17431.10
2024-08-09,2024,3,8,32,9.60,-19.80,-18.10,0.00,0.00,0.00,0.00,0.00,0.00,-77.00,15.60,-89.70,17341.40
2024-08-12,2024,3,8,33,13.40,0.00,-17.10,35.40,0.00,0.00,0.00,0.00,0.00,-11.80,7.90,27.80,17369.20
2024-08-13,2024,3,8,33,34.60,22.60,16.50,-6.10,0.00,0.00,0.00,0.00,0.00,-28.60,0.00,39.00,17408.20
2024-08-14,2024,3,8,33,2.70,-18.00,-5.80,-6.80,0.00,3.40,0.00,0.00,0.00,-56.90,0.00,-81.40,17326.80
2024-08-15,2024,3,8,33,0.00,16.20,6.20,0.00,0.00,0.00,0.00,0.00,0.00,-25.00,13.70,11.10,17337.90
2024-08-16,2024,3,8,33,20.40,61.30,12.00,13.40,0.00,1.70,0.00,0.00,0.00,-72.90,0.00,35.90,17373.80
2024-08-19,2024,3,8,34,92.70,3.90,-25.70,0.00,-8.80,0.00,0.00,0.00,0.00,0.00,0.00,62.10,17435.90
2024-08-20,2024,3,8,34,55.40,0.00,-6.50,51.90,0.00,0.00,0.00,0.00,0.00,-12.80,0.00,88.00,17523.90
2024-08-21,2024,3,8,34,8.40,10.70,10.00,0.00,2.50,3.50,0.00,0.00,0.00,-9.80,14.20,39.50,17563.40
2024-08-22,2024,3,8,34,75.50,9.20,-11.50,7.80,0.00,0.00,0.00,3.40,4.80,-28.40,4.00,64.80,17628.20
2024-08-23,2024,3,8,34,86.80,64.00,42.30,23.80,3.20,0.00,2.30,14.40,0.00,-35.60,50.80,252.00,17880.20
2024-08-26,2024,3,8,35,224.10,-8.30,-16.60,0.00,0.00,5.50,0.00,-7.20,5.10,0.00,0.00,202.60,18082.80
2024-08-27,2024,3,8,35,0.00,0.00,-6.80,-102.00,0.00,0.00,0.00,0.00,0.00,-18.30,0.00,-127.10,17955.70
2024-08-28,2024,3,8,35,0.00,-10.40,-8.70,-59.30,0.00,0.00,0.00,-10.10,0.00,-8.00,-8.80,-105.30,17850.40
2024-08-29,2024,3,8,35,-13.50,-31.10,-8.10,5.30,0.00,0.00,-1.70,0.00,0.00,-22.70,0.00,-71.80,17778.60
2024-08-30,2024,3,8,35,0.00,-12.90,-16.40,-65.00,-11.10,0.00,0.00,0.00,0.00,-70.20,0.00,-175.60,17603.00
2024-09-03,2024,3,9,36,0.00,-162.30,-25.00,-33.60,-2.30,-8.40,-2.50,-3.30,0.00,-50.40,0.00,-287.80,17315.20
2024-09-04,2024,3,9,36,0.00,-7.60,9.50,0.00,0.00,0.00,0.00,-4.90,0.00,-34.20,0.00,-37.20,17278.00
2024-09-05,2024,3,9,36,0.00,-149.50,-30.00,0.00,0.00,0.00,0.00,0.00,0.00,-23.20,-8.40,-211.10,17066.90
2024-09-06,2024,3,9,36,0.00,-85.50,-14.30,-7.20,0.00,0.00,-4.60,0.00,0.00,-52.90,-5.50,-170.00,16896.90
2024-09-09,2024,3,9,37,-9.10,28.60,22.00,6.80,3.10,0.00,0.00,0.00,0.00,-22.80,0.00,28.60,16925.50
2024-09-10,2024,3,9,37,0.00,63.20,0.00,12.70,0.00,0.00,0.00,0.00,0.00,0.00,41.10,117.00,17042.50
2024-09-11,2024,3,9,37,0.00,12.60,0.00,-54.00,2.60,0.00,0.00,0.00,0.00,-4.60,-0.50,-43.90,16998.60
2024-09-12,2024,3,9,37,0.00,11.50,2.20,18.30,0.00,3.40,0.00,4.90,0.00,-6.50,5.20,39.00,17037.60
2024-09-13,2024,3,9,37,0.00,102.10,43.10,99.30,0.00,5.20,1.70,5.10,0.00,6.70,0.00,263.20,17300.80
2024-09-16,2024,3,9,38,15.80,5.10,0.00,0.00,0.00,5.00,0.00,4.90,0.00,-20.80,2.80,12.80,17313.60
2024-09-17,2024,3,9,38,0.00,56.60,45.40,42.20,10.20,8.70,0.00,20.50,3.20,0.00,0.00,186.80,17500.40
2024-09-18,2024,3,9,38,0.00,0.00,-3.90,-43.40,0.00,0.00,0.00,0.00,0.00,-8.10,2.70,-52.70,17447.70
2024-09-19,2024,3,9,38,0.00,49.90,10.40,81.10,0.00,7.40,0.00,0.00,0.00,0.00,9.50,158.30,17606.00
2024-09-20,2024,3,9,38,0.00,26.10,15.10,22.00,3.10,0.00,5.20,7.10,0.00,0.00,13.40,92.00,17698.00
2024-09-23,2024,3,9,39,11.50,24.90,0.00,0.00,0.00,0.00,0.00,0.00,0.00,-40.30,8.40,4.50,17702.50
2024-09-24,2024,3,9,39,98.90,16.80,17.40,0.00,0.00,0.00,0.00,0.00,0.00,0.00,2.90,136.00,17838.50
2024-09-25,2024,3,9,39,184.40,-33.20,2.10,-47.40,0.00,0.00,0.00,0.00,0.00,0.00,0.00,105.90,17944.40
2024-09-26,2024,3,9,39,93.40,74.00,50.40,113.80,6.50,5.70,4.60,22.10,0.00,-7.70,2.90,365.70,18310.10
2024-09-27,2024,3,9,39,110.80,123.60,12.90,203.10,3.30,0.00,3.30,11.20,0.00,26.20,0.00,494.40,18804.50
2024-09-30,2024,3,9,40,72.20,8.30,-9.70,-9.50,0.00,0.00,0.00,0.00,0.00,0.00,0.00,61.30,18865.80
2024-10-01,2024,4,10,40,40.80,-144.70,-32.70,-84.30,0.00,0.00,0.00,-15.80,0.00,-5.90,0.00,-242.60,18623.20
2024-10-02,2024,4,10,40,-13.70,21.10,-11.50,-60.30,0.00,0.00,0.00,0.00,0.00,-27.30,0.00,-91.70,18531.50
2024-10-03,2024,4,10,40,36.00,-37.20,2.60,-58.00,2.40,0.00,0.00,0.00,0.00,0.00,0.00,-54.20,18477.30
2024-10-04,2024,4,10,40,0.00,13.60,15.30,5.30,0.00,0.00,0.00,5.30,0.00,-13.90,0.00,25.60,18502.90
2024-10-07,2024,4,10,41,97.90,103.70,13.10,12.60,2.50,0.00,0.00,5.40,0.00,0.00,0.00,235.20,18738.10
2024-10-08,2024,4,10,41,39.60,-48.80,0.00,0.00,0.00,0.00,0.00,0.00,0.00,-9.40,0.00,-18.60,18719.50
2024-10-09,2024,4,10,41,13.90,0.00,-10.00,-44.50,0.00,0.00,0.00,0.00,0.00,0.00,0.00,-40.60,18678.90
2024-10-10,2024,4,10,41,-10.80,-33.80,-6.20,-30.30,0.00,0.00,0.00,0.00,0.00,-18.50,-21.20,-120.80,18558.10
2024-10-11,2024,4,10,41,0.00,117.10,38.80,97.60,7.90,0.00,0.00,14.30,0.00,-22.10,0.00,253.60,18811.70
2024-10-14,2024,4,10,42,79.50,239.30,100.20,69.80,4.90,5.70,2.80,11.20,0.00,37.80,4.70,555.90,19367.60
2024-10-15,2024,4,10,42,288.80,35.00,0.70,14.70,0.00,0.00,0.00,7.60,2.80,8.00,13.40,371.00,19738.60
2024-10-16,2024,4,10,42,393.40,14.80,12.90,11.50,6.40,11.80,1.90,5.80,0.00,0.00,0.00,458.50,20197.10
2024-10-17,2024,4,10,42,309.00,11.70,0.00,100.20,0.00,3.90,0.00,0.00,0.00,45.70,0.00,470.50,20667.60
2024-10-18,2024,4,10,42,70.40,18.00,36.00,109.90,16.10,0.00,0.00,23.30,0.00,0.00,0.00,273.70,20941.30
2024-10-21,2024,4,10,43,329.00,5.90,-22.10,-6.10,0.00,0.00,0.00,-7.60,0.00,-4.80,0.00,294.30,21235.60
2024-10-22,2024,4,10,43,43.00,8.80,0.00,-134.70,0.00,0.00,0.00,3.80,0.00,0.00,0.00,-79.10,21156.50
2024-10-23,2024,4,10,43,317.50,0.00,-25.20,-99.00,0.00,0.00,0.00,-5.60,0.00,0.00,4.70,192.40,21348.90
2024-10-24,2024,4,10,43,165.50,0.00,29.60,0.00,0.00,0.00,0.00,0.00,0.00,-7.10,0.00,188.00,21536.90
2024-10-25,2024,4,10,43,292.00,56.90,2.50,33.40,0.00,0.00,0.00,11.30,0.00,0.00,5.90,402.00,21938.90
2024-10-28,2024,4,10,44,315.20,44.10,38.70,59.80,0.00,0.00,0.00,0.00,0.00,0.00,21.60,479.40,22418.30
2024-10-29,2024,4,10,44,642.90,133.90,52.50,12.40,0.00,0.00,0.00,16.50,0.00,-17.30,29.20,870.10,23288.40
2024-10-30,2024,4,10,44,872.00,12.60,-23.90,7.20,7.20,0.00,6.10,4.10,0.00,0.00,8.00,893.30,24181.70
2024-10-31,2024,4,10,44,318.80,-75.20,-74.00,-94.20,0.00,0.00,1.90,-13.90,0.00,-31.10,0.00,32.30,24214.00
2024-11-01,2024,4,11,44,0.00,-25.60,-5.60,-24.10,0.00,0.00,-1.70,-5.90,0.00,-5.50,13.50,-54.90,24159.10
2024-11-04,2024,4,11,45,38.40,-169.60,-79.80,-138.30,0.00,-17.60,-5.70,-15.30,0.00,-63.70,-89.50,-541.10,23618.00
2024-11-05,2024,4,11,45,-44.20,-68.20,19.30,-12.50,0.00,-6.00,-1.30,-3.90,0.00,0.00,0.00,-116.80,23501.20
2024-11-06,2024,4,11,45,-69.10,308.80,100.90,127.00,0.00,0.00,-2.60,17.20,0.00,30.90,108.80,621.90,24123.10
2024-11-07,2024,4,11,45,1119.90,190.90,13.40,17.60,0.00,0.00,0.00,4.30,0.00,7.30,20.40,1373.80,25496.90
2024-11-08,2024,4,11,45,206.10,33.50,23.00,0.00,0.00,17.80,0.00,13.00,0.00,0.00,0.00,293.40,25790.30
2024-11-11,2024,4,11,46,756.50,135.10,42.70,108.60,8.70,10.10,0.00,0.00,0.00,24.20,28.20,1114.10,26904.40
2024-11-12,2024,4,11,46,778.30,37.20,0.00,-5.40,0.00,0.00,0.00,10.10,0.00,-17.80,15.10,817.50,27721.90
2024-11-13,2024,4,11,46,230.80,186.10,12.30,14.50,0.00,0.00,0.00,5.10,0.00,0.00,61.30,510.10,28232.00
2024-11-14,2024,4,11,46,126.50,-179.20,-113.90,-161.70,0.00,0.00,0.00,2.50,0.00,-69.60,-5.30,-400.70,27831.30
2024-11-15,2024,4,11,46,0.00,-175.10,-7.40,-108.60,0.00,0.00,-1.70,-7.70,0.00,-22.50,-47.00,-370.00,27461.30
2024-11-18,2024,4,11,47,89.30,60.00,24.40,13.20,0.00,0.00,0.00,7.70,0.00,5.80,54.40,254.80,27716.10
2024-11-19,2024,4,11,47,216.10,256.10,52.80,267.30,0.00,0.00,0.00,7.90,0.00,16.20,13.10,829.50,28545.60
2024-11-20,2024,4,11,47,626.50,133.90,9.20,3.80,0.00,0.00,0.00,0.00,0.00,0.00,0.00,773.40,29319.00
2024-11-21,2024,4,11,47,608.40,301.00,68.00,17.20,0.00,5.70,0.00,5.60,0.00,-7.80,7.00,1005.10,30324.10
2024-11-22,2024,4,11,47,513.20,21.70,0.00,0.00,5.00,0.00,6.20,5.60,0.00,-67.10,5.70,490.30,30814.40
2024-11-25,2024,4,11,48,267.80,-134.70,-280.70,-110.90,-10.90,0.00,0.00,-8.10,0.00,-158.20,0.40,-435.30,30379.10
2024-11-26,2024,4,11,48,0.00,-95.70,6.50,0.00,-2.30,0.00,0.00,0.00,0.00,-36.10,4.80,-122.80,30256.30
2024-11-27,2024,4,11,48,0.00,40.20,48.00,0.00,0.00,2.80,0.00,0.00,0.00,0.00,12.00,103.00,30359.30
2024-11-29,2024,4,11,48,137.50,106.50,26.50,7.80,0.00,0.00,0.00,33.10,0.00,0.00,8.60,320.00,30679.30
2024-12-02,2024,4,12,49,338.30,25.10,0.00,17.20,0.00,5.60,0.00,-10.90,0.00,-28.10,6.40,353.60,31032.90
2024-12-03,2024,4,12,49,693.30,52.20,7.80,-93.50,0.00,0.00,0.00,16.20,0.00,0.00,0.00,676.00,31708.90
2024-12-04,2024,4,12,49,571.70,17.30,6.40,0.00,0.00,0.00,0.00,0.00,0.00,-94.30,55.70,556.80,32265.70
2024-12-05,2024,4,12,49,770.50,47.50,-10.20,12.30,0.00,0.00,0.00,0.00,0.00,-148.80,95.40,766.70,33032.40
2024-12-06,2024,4,12,49,257.00,120.20,0.00,24.90,0.00,0.00,0.00,0.00,0.00,-32.30,6.80,376.60,33409.00
2024-12-09,2024,4,12,50,394.10,175.50,-39.00,-34.30,0.00,0.00,0.00,0.00,0.00,-24.40,7.20,479.10,33888.10
2024-12-10,2024,4,12,50,295.60,210.50,0.00,5.80,-11.60,0.00,0.00,-5.40,0.00,-62.80,6.40,438.50,34326.60
2024-12-11,2024,4,12,50,0.00,121.90,12.20,52.70,0.00,0.00,-2.40,2.90,0.00,20.10,15.70,223.10,34549.70
2024-12-12,2024,4,12,50,431.60,30.50,61.40,9.00,0.00,0.00,0.00,0.00,2.60,-48.40,110.80,597.50,35147.20
2024-12-13,2024,4,12,50,393.00,60.00,33.20,28.40,0.00,0.00,0.00,8.60,7.00,-105.80,4.50,428.90,35576.10
2024-12-16,2024,4,12,51,418.20,116.10,30.70,47.70,0.00,0.00,0.00,0.00,0.00,17.60,6.60,636.90,36213.00
2024-12-17,2024,4,12,51,741.40,-128.20,-24.40,-17.00,0.00,0.00,0.00,3.00,0.00,-84.70,3.80,493.90,36706.90
2024-12-18,2024,4,12,51,359.60,0.00,-16.60,-6.60,-25.20,0.00,0.00,0.00,0.00,-35.90,0.00,275.30,36982.20
2024-12-19,2024,4,12,51,0.00,-208.50,-43.60,-108.40,-26.00,0.00,0.00,-10.90,2.00,-87.90,-188.60,-671.90,36310.30
2024-12-20,2024,4,12,51,-72.70,-71.90,0.00,-87.00,0.00,5.60,0.00,0.00,0.00,-57.40,6.40,-277.00,36033.30
2024-12-23,2024,4,12,52,31.70,-146.00,-23.70,-15.70,-25.60,0.00,0.00,-2.60,0.00,-38.40,-6.20,-226.50,35806.80
2024-12-24,2024,4,12,52,-188.70,-83.20,8.50,-75.00,0.00,0.00,0.00,0.00,0.00,0.00,0.00,-338.40,35468.40
2024-12-26,2024,4,12,52,56.50,254.40,-8.30,186.90,0.00,0.00,0.00,2.70,0.00,-24.20,7.20,475.20,35943.60
2024-12-27,2024,4,12,52,79.40,-208.20,-36.00,-112.60,-14.20,0.00,0.00,0.00,0.00,3.70,0.00,-287.90,35655.70
2024-12-30,2024,4,12,53,-36.50,-154.60,-31.40,-26.40,0.00,0.00,0.00,0.00,0.00,-134.50,-31.70,-415.10,35240.60
2024-12-31,2024,4,12,53,-23.50,36.80,8.70,-11.20,0.00,0.00,0.00,0.00,0.00,-9.60,4.10,5.30,35245.90
2025-01-06,2025,1,1,2,209.10,370.20,71.20,152.90,0.00,8.90,0.00,17.30,0.00,73.80,75.20,978.60,36890.30
2025-01-07,2025,1,1,2,596.10,-86.30,-113.80,-212.60,0.00,-5.60,0.00,0.00,0.00,-125.40,0.00,52.40,36942.70
2025-01-08,2025,1,1,2,-124.00,-258.70,-11.30,-148.30,-9.40,-8.20,0.00,0.00,0.00,-8.90,0.00,-568.80,36373.90
2025-01-10,2025,1,1,2,-183.60,16.60,-1.60,5.70,0.00,0.00,0.00,0.00,0.00,13.50,0.00,-149.40,36224.50
2025-01-13,2025,1,1,3,29.50,-113.60,-18.60,-92.40,0.00,0.00,0.00,0.00,0.00,-89.00,0.00,-284.10,35940.40
2025-01-14,2025,1,1,3,-219.50,0.00,-8.90,2.90,0.00,0.00,0.00,5.50,10.20,0.00,0.00,-209.80,35730.60
2025-01-15,2025,1,1,3,31.90,463.10,32.70,138.80,4.50,2.90,0.00,17.00,0.00,50.50,13.70,755.10,36485.70
2025-01-16,2025,1,1,3,527.90,4.40,2.70,155.40,0.00,0.00,0.00,5.70,0.00,-70.00,0.00,626.10,37111.80
2025-01-17,2025,1,1,3,375.90,326.30,208.10,97.20,6.30,0.00,0.00,11.90,4.50,20.80,21.80,1072.80,38184.60
2025-01-21,2025,1,1,4,661.90,7.00,-17.40,8.50,0.00,6.20,0.00,0.00,0.00,0.00,136.40,802.60,38987.20
2025-01-22,2025,1,1,4,344.30,0.00,-34.70,-13.00,0.00,0.00,0.00,0.00,0.00,-47.90,0.00,248.70,39235.90
2025-01-23,2025,1,1,4,154.60,9.20,42.10,8.40,12.40,0.00,0.00,0.00,0.00,-49.90,11.90,188.70,39424.60
2025-01-24,2025,1,1,4,155.70,186.10,-8.60,168.70,0.00,0.00,0.00,0.00,2.80,0.00,13.00,517.70,39942.30
2025-01-27,2025,1,1,5,63.90,-268.60,-88.60,-50.10,0.00,0.00,0.00,-5.70,0.00,-108.50,0.00,-457.60,39484.70
2025-01-28,2025,1,1,5,30.10,0.00,0.00,-11.70,0.00,0.00,0.00,0.00,0.00,0.00,0.00,18.40,39503.10
2025-01-29,2025,1,1,5,-28.40,18.20,-4.00,0.00,0.00,0.00,0.00,0.00,0.00,0.00,106.20,92.00,39595.10
2025-01-30,2025,1,1,5,321.50,209.10,23.00,12.60,5.20,6.10,0.00,6.00,0.00,0.00,4.60,588.10,40183.20
2025-01-31,2025,1,1,5,363.80,0.00,-56.00,35.60,0.00,0.00,0.00,5.80,0.00,-30.60,0.00,318.60,40501.80
2025-02-03,2025,1,2,6,0.00,-177.60,-5.50,-50.70,0.00,0.00,0.00,-8.60,0.00,8.00,0.00,-234.40,40267.40
2025-02-04,2025,1,2,6,249.00,0.00,16.10,56.10,0.00,0.00,0.00,0.00,0.00,19.50,0.00,340.70,40608.10
2025-02-05,2025,1,2,6,44.40,10.60,0.00,0.00,0.00,0.00,0.00,0.00,11.40,0.00,0.00,66.40,40674.50
2025-02-06,2025,1,2,6,0.00,-103.20,0.00,0.00,0.00,0.00,0.00,0.00,0.00,-42.20,5.20,-140.20,40534.30
2025-02-07,2025,1,2,6,21.90,52.50,10.50,59.00,0.00,5.60,0.00,21.80,0.00,0.00,0.00,171.30,40705.60
2025-02-10,2025,1,2,7,55.40,-136.10,0.00,0.00,-34.00,-19.80,0.00,-5.50,0.00,-46.30,0.00,-186.30,40519.30
2025-02-11,2025,1,2,7,23.80,-43.60,-9.30,0.00,-9.50,-11.00,0.00,0.00,-7.10,0.00,0.00,-56.70,40462.60
2025-02-12,2025,1,2,7,-22.10,-102.00,-25.90,-97.00,-9.70,0.00,-3.70,0.00,0.00,-6.90,16.30,-251.00,40211.60
2025-02-13,2025,1,2,7,26.20,-94.50,-15.70,-52.70,-4.80,-8.40,0.00,-1.00,0.00,-6.90,0.00,-157.80,40053.80
2025-02-14,2025,1,2,7,22.30,94.00,8.00,-13.20,0.00,0.00,0.00,-4.40,0.00,-47.00,6.50,66.20,40120.00
2025-02-18,2025,1,2,8,68.40,-16.40,-112.70,0.00,0.00,0.00,0.00,0.00,0.00,0.00,0.00,-60.70,40059.30
2025-02-19,2025,1,2,8,0.00,-48.40,0.00,-8.70,0.00,0.00,-9.30,-4.80,0.00,0.00,0.00,-71.20,39988.10
2025-02-20,2025,1,2,8,-112.00,-88.20,24.10,-98.30,0.00,0.00,0.00,4.20,0.00,-33.50,-61.10,-364.80,39623.30
2025-02-21,2025,1,2,8,21.60,-12.50,-16.60,0.00,0.00,0.00,0.00,4.70,0.00,-60.10,0.00,-62.90,39560.40
2025-02-24,2025,1,2,9,-158.60,-247.00,-10.30,-22.60,-15.00,0.00,-26.90,-7.30,-12.50,-59.50,-6.20,-565.90,38994.50
2025-02-25,2025,1,2,9,-164.40,-344.70,-88.30,-126.20,-62.00,-74.10,-74.80,-10.00,-17.30,-66.10,-85.80,-1113.70,37880.80
2025-02-26,2025,1,2,9,-418.10,-145.70,-13.60,-60.50,-16.80,-9.70,-3.20,0.00,-11.50,-22.70,-56.00,-757.80,37123.00
2025-02-27,2025,1,2,9,-189.00,-7.30,17.60,0.00,0.00,-7.20,-12.80,-10.60,-53.80,-7.30,-5.50,-275.90,36847.10
2025-02-28,2025,1,2,9,-244.60,176.00,4.60,193.70,0.00,0.00,0.00,-7.70,0.00,-33.30,5.60,94.30,36941.40
2025-03-03,2025,1,3,10,-78.00,0.00,0.00,58.20,0.00,0.00,0.00,0.00,0.00,-54.40,0.00,-74.20,36867.20
2025-03-04,2025,1,3,10,0.00,-46.10,-24.00,-43.90,-16.50,-35.70,0.00,0.00,-13.10,0.00,35.80,-143.50,36723.70
2025-03-05,2025,1,3,10,38.90,0.00,-6.90,0.00,-9.90,0.00,-60.40,0.00,0.00,0.00,0.00,-38.30,36685.40
2025-03-06,2025,1,3,10,-50.60,0.00,0.00,-17.80,0.00,-18.00,0.00,-8.20,-5.20,-34.50,0.00,-134.30,36551.10
2025-03-07,2025,1,3,10,-39.90,-154.90,-18.60,-160.00,0.00,0.00,0.00,0.60,0.00,-36.50,0.00,-409.30,36141.80
2025-03-10,2025,1,3,11,-89.20,-134.00,-6.80,-90.90,-14.20,-13.60,-3.20,0.00,0.00,-20.60,0.00,-372.50,35769.30
2025-03-11,2025,1,3,11,-151.30,-107.10,-9.10,0.00,-14.90,-33.70,-28.70,-0.60,-15.40,-35.50,0.00,-396.30,35373.00
2025-03-12,2025,1,3,11,-47.10,0.00,0.00,82.60,-12.40,0.00,0.00,0.00,-3.50,-11.80,5.50,13.30,35386.30
2025-03-13,2025,1,3,11,45.70,-75.50,-11.00,-60.20,0.00,-7.00,-8.20,0.00,-14.50,-12.70,0.00,-143.40,35242.90
2025-03-14,2025,1,3,11,-96.20,9.20,23.00,100.50,0.00,0.00,0.00,4.80,0.00,0.00,0.00,41.30,35284.20
2025-03-17,2025,1,3,12,42.30,127.30,2.30,88.50,0.00,0.00,0.00,0.00,0.00,0.00,14.20,274.60,35558.80
2025-03-18,2025,1,3,12,218.10,0.00,0.00,-9.00,0.00,0.00,0.00,0.00,0.00,0.00,0.00,209.10,35767.90
2025-03-19,2025,1,3,12,0.00,0.00,12.10,0.00,-10.20,0.00,0.00,0.00,0.00,5.40,4.50,11.80,35779.70
2025-03-20,2025,1,3,12,172.10,9.20,-17.40,0.00,0.00,-7.30,0.00,11.90,0.00,-8.00,5.20,165.70,35945.40
2025-03-21,2025,1,3,12,105.00,0.00,0.00,0.00,0.00,0.00,0.00,0.00,0.00,-21.90,0.00,83.10,36028.50
2025-03-24,2025,1,3,13,18.10,82.90,19.20,-41.00,0.00,0.00,-4.50,5.00,0.00,0.00,0.00,79.70,36108.20
2025-03-25,2025,1,3,13,42.00,0.00,-10.10,0.00,0.00,0.00,0.00,0.00,-5.10,0.00,0.00,26.80,36135.00
2025-03-26,2025,1,3,13,107.90,0.00,-18.30,0.00,0.00,0.00,0.00,0.00,0.00,0.00,0.00,89.60,36224.60
2025-03-27,2025,1,3,13,4.00,97.10,0.00,0.00,-7.00,0.00,-7.30,0.00,-5.10,0.00,0.00,81.70,36306.30
2025-03-28,2025,1,3,13,0.00,-93.20,0.00,0.00,0.00,0.00,-1.70,0.00,0.00,0.00,0.00,-94.90,36211.40
2025-03-31,2025,1,3,14,15.10,0.00,-19.90,-23.20,0.00,0.00,-10.60,0.00,-32.60,0.00,0.00,-71.20,36140.20
2025-04-01,2025,2,4,14,0.00,-85.40,24.50,-87.40,0.00,7.40,0.00,0.00,-6.80,-10.10,0.00,-157.80,35982.40
2025-04-02,2025,2,4,14,-115.90,118.80,33.40,130.20,0.00,10.00,2.70,7.30,0.00,0.00,34.30,220.80,36203.20
2025-04-03,2025,2,4,14,65.30,-23.30,-44.20,-20.00,0.00,0.00,0.00,-12.20,-5.20,-60.20,0.00,-99.80,36103.40
2025-04-04,2025,2,4,14,0.00,0.00,-17.90,-21.80,0.00,0.00,0.00,0.00,0.00,-25.20,0.00,-64.90,36038.50
2025-04-07,2025,2,4,15,0.00,0.00,0.00,-4.70,-12.90,0.00,-5.30,-6.10,-6.20,-74.00,0.00,-109.20,35929.30
2025-04-08,2025,2,4,15,-252.90,0.00,-21.70,-19.90,-6.90,-8.90,-1.70,0.00,0.00,-8.50,-7.50,-328.00,35601.30
2025-04-09,2025,2,4,15,-89.70,0.00,6.70,0.00,0.00,0.00,0.00,-4.70,-5.70,-33.80,0.00,-127.20,35474.10
2025-04-10,2025,2,4,15,0.00,-74.60,-10.80,-12.70,-7.50,-9.20,0.00,0.00,0.00,-44.60,9.90,-149.50,35324.60
2025-04-11,2025,2,4,15,0.00,0.00,-12.30,11.30,0.00,0.00,0.00,0.00,0.00,0.00,0.00,-1.00,35323.60
2025-04-14,2025,2,4,16,36.70,-35.20,0.00,0.00,0.00,0.00,0.00,0.00,0.00,0.00,0.00,1.50,35325.10
2025-04-15,2025,2,4,16,38.20,0.00,11.00,13.40,0.00,4.90,0.00,0.00,0.00,0.00,8.90,76.40,35401.50
2025-04-16,2025,2,4,16,30.60,-113.80,12.80,-113.20,6.70,0.00,1.30,2.40,0.00,0.00,3.40,-169.80,35231.70
2025-04-17,2025,2,4,16,81.00,25.90,0.00,0.00,0.00,0.00,0.00,0.00,0.00,0.00,0.00,106.90,35338.60
2025-04-21,2025,2,4,17,41.60,87.60,45.10,116.10,0.00,10.10,6.10,11.70,0.00,36.60,32.50,387.40,35726.00
2025-04-22,2025,2,4,17,193.50,253.80,76.70,267.10,18.30,10.60,23.80,6.50,0.00,65.10,21.10,936.50,36662.50
2025-04-23,2025,2,4,17,643.20,124.40,-15.20,129.50,0.00,0.00,0.00,5.30,0.00,0.00,29.80,917.00,37579.50
2025-04-24,2025,2,4,17,327.30,0.00,10.20,97.00,7.50,0.00,0.00,0.00,0.00,0.00,0.00,442.00,38021.50
2025-04-25,2025,2,4,17,240.10,108.00,0.00,11.40,0.00,0.00,0.00,8.10,0.00,-7.50,19.90,380.00,38401.50
2025-04-28,2025,2,4,18,970.90,-86.90,-21.10,-226.30,0.00,0.00,0.00,-2.70,0.00,-42.70,0.00,591.20,38992.70
2025-04-29,2025,2,4,18,216.70,-6.20,-24.40,-13.30,0.00,0.00,0.00,0.00,0.00,0.00,0.00,172.80,39165.50
2025-04-30,2025,2,4,18,267.00,-137.50,-23.00,-130.80,0.00,0.00,0.00,0.00,0.00,-32.00,0.00,-56.30,39109.20
2025-05-01,2025,2,5,18,351.40,29.50,38.40,-87.20,10.60,0.00,0.00,21.90,0.00,16.00,41.90,422.50,39531.70
2025-05-02,2025,2,5,18,674.90,0.00,0.00,0.00,0.00,0.00,0.00,0.00,0.00,0.00,0.00,674.90,40206.60
2025-05-05,2025,2,5,19,531.20,-57.80,-22.70,-6.10,0.00,-2.70,0.00,0.00,0.00,-16.40,0.00,425.50,40632.10
2025-05-06,2025,2,5,19,36.70,0.00,0.00,-16.10,0.00,-8.30,0.00,-8.10,0.00,-89.90,0.00,-85.70,40546.40
2025-05-07,2025,2,5,19,37.20,39.90,10.50,54.70,0.00,0.00,0.00,0.00,0.00,0.00,0.00,142.30,40688.70
2025-05-08,2025,2,5,19,69.00,35.30,0.00,13.10,0.00,0.00,0.00,0.00,0.00,0.00,0.00,117.40,40806.10
2025-05-09,2025,2,5,19,356.20,45.00,-14.60,0.00,0.00,0.00,0.00,13.10,0.00,-65.20,0.00,334.50,41140.60
2025-05-12,2025,2,5,20,69.40,-11.10,-17.70,0.00,-2.50,0.00,0.00,0.00,0.00,-32.90,0.00,5.20,41145.80
2025-05-13,2025,2,5,20,0.00,-91.40,0.00,0.00,0.00,0.00,0.00,0.00,0.00,0.00,0.00,-91.40,41054.40
2025-05-14,2025,2,5,20,232.90,36.10,2.80,5.20,0.00,0.00,0.00,7.30,0.00,0.00,35.20,319.50,41373.90
2025-05-15,2025,2,5,20,409.70,-123.70,0.00,-132.00,0.00,0.00,0.00,0.00,0.00,-39.10,0.00,114.90,41488.80
2025-05-16,2025,2,5,20,129.70,67.90,0.00,58.00,0.00,0.00,0.00,0.00,0.00,0.00,4.60,260.20,41749.00
2025-05-19,2025,2,5,21,305.90,188.10,16.00,155.30,-5.30,0.00,0.00,7.40,0.00,0.00,0.00,667.40,42416.40
2025-05-20,2025,2,5,21,287.50,23.30,5.80,6.40,0.00,0.00,0.00,0.00,0.00,0.00,6.20,329.20,42745.60
2025-05-21,2025,2,5,21,530.60,23.50,20.50,4.30,0.00,0.00,0.00,6.10,0.00,0.00,22.10,607.10,43352.70
2025-05-22,2025,2,5,21,877.20,48.70,0.00,8.90,0.00,0.00,0.00,0.00,0.00,0.00,0.00,934.80,44287.50
2025-05-23,2025,2,5,21,430.80,-73.70,0.00,-73.90,0.00,0.00,0.00,17.70,0.00,-89.20,0.00,211.70,44499.20
2025-05-27,2025,2,5,22,409.30,-4.80,1.80,-38.30,0.00,0.00,0.50,7.80,0.00,-26.90,36.00,385.40,44884.60
2025-05-28,2025,2,5,22,481.00,-14.00,0.00,-34.30,0.00,0.00,0.00,0.00,0.00,0.00,0.00,432.70,45317.30
2025-05-29,2025,2,5,22,125.10,-166.30,-70.80,-89.20,-20.00,-6.10,0.00,-12.00,0.00,-107.50,0.00,-346.80,44970.50
2025-05-30,2025,2,5,22,-430.80,-13.70,-35.30,-120.10,0.00,0.00,0.00,0.00,0.00,0.00,-16.20,-616.10,44354.40
2025-06-02,2025,2,6,23,-130.40,-50.10,3.40,-73.90,0.00,0.00,0.00,0.00,0.00,-16.50,0.00,-267.50,44086.90
2025-06-03,2025,2,6,23,58.00,136.80,14.50,139.90,0.00,0.00,0.00,18.80,0.00,0.00,7.10,375.10,44462.00
2025-06-04,2025,2,6,23,284.00,-197.00,0.00,0.00,0.00,0.00,0.00,0.00,0.00,0.00,0.00,87.00,44549.00
2025-06-05,2025,2,6,23,0.00,-80.20,-36.70,-102.00,-12.20,0.00,0.00,-6.50,0.00,-24.10,-16.70,-278.40,44270.60
2025-06-06,2025,2,6,23,-130.50,22.80,31.80,11.50,0.00,0.00,0.00,7.40,0.00,0.00,9.20,-47.80,44222.80
2025-06-09,2025,2,6,24,120.90,173.00,68.50,10.80,0.00,0.00,0.00,7.70,0.00,0.00,5.30,386.20,44609.00
2025-06-10,2025,2,6,24,336.70,67.10,-0.60,20.30,7.70,0.00,0.00,0.00,0.00,0.00,0.00,431.20,45040.20
2025-06-11,2025,2,6,24,131.00,11.90,0.00,0.00,0.00,6.30,0.00,15.40,0.00,0.00,0.00,164.60,45204.80
2025-06-12,2025,2,6,24,288.30,-197.20,0.00,-10.70,0.00,0.00,0.00,0.00,0.00,5.90,0.00,86.30,45291.10
2025-06-13,2025,2,6,24,239.00,25.20,14.90,0.00,0.00,0.00,0.00,6.00,0.00,9.10,7.50,301.70,45592.80
2025-06-16,2025,2,6,25,266.60,83.00,41.40,0.00,0.00,0.00,0.00,0.00,0.00,12.80,4.80,408.60,46001.40
2025-06-17,2025,2,6,25,639.20,-208.50,-22.80,-191.40,0.00,0.00,0.00,0.00,0.00,0.00,0.00,216.50,46217.90
2025-06-18,2025,2,6,25,278.90,104.40,11.30,0.00,0.00,0.00,0.00,0.00,0.00,-16.40,10.10,388.30,46606.20
2025-06-19,2025,2,6,25,0.00,0.00,0.00,0.00,0.00,0.00,0.00,0.00,0.00,0.00,0.00,0.00,46606.20
2025-06-20,2025,2,6,25,46.90,-40.50,0.00,0.00,0.00,0.00,0.00,0.00,0.00,0.00,0.00,6.40,46612.60
2025-06-23,2025,2,6,26,217.60,105.70,14.60,2.10,6.20,0.00,0.00,0.00,0.00,-5.70,10.10,350.60,46963.20
2025-06-24,2025,2,6,26,436.30,85.20,9.80,43.80,0.00,0.00,0.00,6.00,0.00,0.00,7.50,588.60,47551.80
2025-06-25,2025,2,6,26,340.30,115.20,12.90,70.20,0.00,0.00,0.00,9.10,0.00,0.00,0.00,547.70,48099.50
2025-06-26,2025,2,6,26,163.70,32.90,25.20,1.80,0.00,3.10,0.00,0.00,0.00,0.00,0.00,226.70,48326.20
2025-06-27,2025,2,6,26,153.00,165.50,11.60,150.30,3.70,3.10,0.00,6.00,0.00,0.00,8.00,501.20,48827.40
2025-06-30,2025,2,6,27,112.30,0.00,0.00,-10.20,0.00,0.00,0.00,0.00,0.00,0.00,0.00,102.10,48929.50
2025-07-01,2025,3,7,27,0.00,-172.70,-23.00,-27.00,0.00,0.00,0.00,0.00,0.00,-119.50,0.00,-342.20,48587.30
2025-07-02,2025,3,7,27,0.00,184.00,64.90,83.00,9.90,9.50,0.00,5.40,0.00,34.60,16.50,407.80,48995.10
2025-07-03,2025,3,7,27,224.50,237.10,15.50,114.20,0.00,0.00,0.00,4.70,0.00,0.00,5.80,601.80,49596.90
2025-07-07,2025,3,7,28,164.60,66.00,0.00,-10.10,0.00,0.00,0.00,0.00,0.00,-10.20,6.20,216.50,49813.40
2025-07-08,2025,3,7,28,66.80,4.80,0.00,0.00,0.00,0.00,3.70,0.00,0.00,0.00,4.80,80.10,49893.50
2025-07-09,2025,3,7,28,125.60,4.80,3.00,57.00,9.50,0.00,0.00,0.00,0.00,0.00,15.80,215.70,50109.20
2025-07-10,2025,3,7,28,448.50,324.30,77.20,268.70,0.00,0.00,0.00,15.20,0.00,-40.20,81.90,1175.60,51284.80
2025-07-11,2025,3,7,28,953.50,0.00,6.40,23.50,5.30,0.00,0.00,20.00,0.00,0.00,20.90,1029.60,52314.40
2025-07-14,2025,3,7,29,394.70,-26.10,7.20,-99.60,0.00,0.00,0.00,8.50,0.00,0.00,12.70,297.40,52611.80
2025-07-15,2025,3,7,29,416.30,-22.90,12.70,-6.20,0.00,6.80,0.00,19.00,0.00,-41.20,18.60,403.10,53014.90
2025-07-16,2025,3,7,29,763.90,10.40,0.00,19.80,0.00,0.00,0.00,0.00,0.00,0.00,5.30,799.40,53814.30
2025-07-17,2025,3,7,29,497.30,7.80,0.00,0.00,7.10,0.00,0.00,5.10,0.00,0.00,5.30,522.60,54336.90
2025-07-18,2025,3,7,29,496.80,-17.90,-1.90,-33.60,0.00,0.00,0.00,-1.70,3.10,-81.30,0.00,363.50,54700.40
2025-07-21,2025,3,7,30,0.00,-12.80,-1.90,-77.50,0.00,0.00,0.00,-2.50,0.00,-36.70,0.00,-131.40,54569.00
2025-07-22,2025,3,7,30,0.00,0.00,-42.30,-33.20,0.00,0.00,0.00,0.00,0.00,7.50,0.00,-68.00,54501.00
2025-07-23,2025,3,7,30,142.60,-227.20,-1.90,-9.80,0.00,0.00,0.00,0.00,0.00,0.00,10.50,-85.80,54415.20
2025-07-24,2025,3,7,30,32.50,106.60,29.80,0.00,0.00,3.50,0.00,46.40,0.00,0.00,7.90,226.70,54641.90
2025-07-25,2025,3,7,30,92.80,10.20,21.00,30.30,0.00,0.00,0.00,18.20,0.00,-50.50,8.80,130.80,54772.70
2025-07-28,2025,3,7,31,147.40,30.90,-14.80,-17.40,0.00,0.00,0.00,0.00,0.00,0.00,11.00,157.10,54929.80
2025-07-29,2025,3,7,31,157.60,0.00,-26.20,-8.20,0.00,0.00,0.00,5.80,0.00,-49.00,0.00,80.00,55009.80
2025-07-30,2025,3,7,31,34.40,0.00,12.70,0.00,0.00,0.00,0.00,0.00,0.00,0.00,0.00,47.10,55056.90
2025-07-31,2025,3,7,31,18.60,-53.60,0.00,-89.90,3.50,6.80,0.00,3.30,0.00,-9.20,5.70,-114.80,54942.10
2025-08-01,2025,3,8,31,-2.60,-331.40,-38.30,-327.90,-5.10,-6.60,0.00,0.00,0.00,-66.80,-33.60,-812.30,54129.80
2025-08-04,2025,3,8,32,-292.20,-40.10,18.70,0.00,0.00,0.00,0.00,0.00,0.00,-9.90,0.00,-323.50,53806.30
2025-08-05,2025,3,8,32,-77.40,-99.10,0.00,0.00,0.00,0.00,0.00,0.00,0.00,-19.70,0.00,-196.20,53610.10
2025-08-06,2025,3,8,32,41.90,10.10,26.40,-5.40,0.00,0.00,0.00,4.10,0.00,14.50,0.00,91.60,53701.70
2025-08-07,2025,3,8,32,156.60,43.40,17.20,-0.40,0.00,3.40,0.00,21.50,0.00,18.50,17.20,277.40,53979.10
2025-08-08,2025,3,8,32,360.00,30.50,0.00,0.00,0.00,0.00,0.00,0.00,0.00,0.00,13.40,403.90,54383.00
2025-08-11,2025,3,8,33,138.20,13.00,5.20,0.00,0.00,0.00,0.00,0.00,0.00,7.50,14.20,178.10,54561.10
2025-08-12,2025,3,8,33,111.40,0.00,0.00,-23.90,0.00,0.00,0.00,0.00,0.00,-21.60,0.00,65.90,54627.00
2025-08-13,2025,3,8,33,0.00,26.70,7.30,36.60,4.90,0.00,0.00,0.00,0.00,0.00,11.40,86.90,54713.90
2025-08-14,2025,3,8,33,523.70,-113.50,-30.90,-149.90,0.00,0.00,0.00,-5.90,0.00,0.00,7.30,230.80,54944.70
2025-08-15,2025,3,8,33,114.40,0.00,0.00,-46.70,0.00,0.00,0.00,0.00,0.00,-81.80,0.00,-14.10,54930.60
2025-08-18,2025,3,8,34,-68.70,0.00,12.70,-65.70,0.00,0.00,0.00,0.00,0.00,0.00,0.00,-121.70,54808.90
2025-08-19,2025,3,8,34,0.00,-246.90,-86.80,-63.30,0.00,-3.30,0.00,0.00,0.00,-115.50,-7.50,-523.30,54285.60
2025-08-20,2025,3,8,34,-220.00,-7.50,0.60,-75.70,0.00,0.00,-4.30,0.00,0.00,-9.00,0.00,-315.90,53969.70
2025-08-21,2025,3,8,34,-127.50,-31.80,0.00,-43.30,0.00,3.20,0.00,0.00,0.00,0.00,5.00,-194.40,53775.30
2025-08-22,2025,3,8,34,-198.80,50.90,12.70,65.70,0.00,13.50,0.00,26.40,0.00,6.40,0.00,-23.20,53752.10
2025-08-25,2025,3,8,35,63.40,65.60,15.20,61.20,0.00,0.00,0.00,6.30,0.00,0.00,7.40,219.10,53971.20
2025-08-26,2025,3,8,35,45.30,14.50,9.00,4.10,0.00,0.00,0.00,3.90,0.00,0.00,11.30,88.10,54059.30
2025-08-27,2025,3,8,35,50.90,14.70,-3.00,5.60,6.70,6.50,0.00,0.00,0.00,0.00,0.00,81.40,54140.70
2025-08-28,2025,3,8,35,63.70,4.90,25.00,79.80,0.00,0.00,0.00,0.00,0.00,0.00,5.50,178.90,54319.60
2025-08-29,2025,3,8,35,24.60,-66.20,0.00,-72.10,0.00,0.00,0.00,0.00,2.30,-15.30,0.00,-126.70,54192.90
2025-09-02,2025,3,9,36,72.90,132.70,39.10,71.90,2.20,0.00,0.00,4.70,0.00,0.00,9.30,332.80,54525.70
2025-09-03,2025,3,9,36,289.80,9.80,0.00,-27.90,0.00,0.00,0.00,0.00,0.00,0.00,28.80,300.50,54826.20
2025-09-04,2025,3,9,36,134.80,-117.40,-66.40,-125.50,0.00,-3.20,0.00,-17.90,0.00,-22.40,-4.90,-222.90,54603.30
2025-09-05,2025,3,9,36,-63.20,0.00,-49.60,0.00,0.00,0.00,0.00,0.00,0.00,-47.30,0.00,-160.10,54443.20
2025-09-08,2025,3,9,37,25.50,156.50,42.70,89.50,6.70,6.50,0.00,20.60,0.00,4.40,11.90,364.30,54807.50
2025-09-09,2025,3,9,37,169.30,-55.80,-18.20,-72.30,0.00,0.00,0.00,0.00,0.00,0.00,0.00,23.00,54830.50
2025-09-10,2025,3,9,37,211.20,299.00,44.40,145.10,0.00,3.30,0.00,12.00,0.00,8.90,17.60,741.50,55572.00
2025-09-11,2025,3,9,37,366.20,134.70,40.40,0.00,5.70,3.30,0.00,2.40,0.00,0.00,0.00,552.70,56124.70
2025-09-12,2025,3,9,37,264.70,315.20,29.20,19.40,0.00,0.00,0.00,8.20,0.00,0.00,5.70,642.40,56767.10
2025-09-15,2025,3,9,38,261.80,7.50,-18.80,0.00,0.00,3.30,0.00,0.00,0.00,0.00,6.10,259.90,57027.00
2025-09-16,2025,3,9,38,209.20,45.80,-10.80,40.70,0.00,0.00,0.00,7.40,0.00,0.00,0.00,292.30,57319.30
2025-09-17,2025,3,9,38,149.70,-116.00,-12.60,-32.30,0.00,0.00,0.00,0.00,0.00,-62.60,22.50,-51.30,57268.00
2025-09-18,2025,3,9,38,0.00,97.40,12.80,25.00,3.50,6.80,0.00,6.60,0.00,0.00,10.90,163.00,57431.00
2025-09-19,2025,3,9,38,246.10,0.00,0.00,0.00,0.00,0.00,0.00,0.00,0.00,-23.50,0.00,222.60,57653.60
2025-09-22,2025,3,9,39,0.00,-276.70,0.00,-52.30,0.00,0.00,0.00,-9.50,0.00,-24.60,0.00,-363.10,57290.50
2025-09-23,2025,3,9,39,2.50,-75.60,-12.80,-27.90,10.00,0.00,0.00,0.00,0.00,0.00,0.00,-103.80,57186.70
2025-09-24,2025,3,9,39,128.90,29.70,24.70,37.70,0.00,0.00,0.00,6.40,0.00,0.00,13.60,241.00,57427.70
2025-09-25,2025,3,9,39,79.70,-114.80,-80.50,-63.00,0.00,-6.30,0.00,-10.10,0.00,-42.90,-15.50,-253.40,57174.30
2025-09-26,2025,3,9,39,-37.30,-300.40,-23.80,-17.80,0.00,0.00,0.00,-9.30,0.00,-17.10,-12.60,-418.30,56756.00
2025-09-29,2025,3,9,40,-46.60,298.70,47.20,62.20,35.30,16.50,0.00,30.70,0.00,26.90,47.10,518.00,57274.00
2025-09-30,2025,3,9,40,199.40,54.70,70.10,105.70,0.00,0.00,0.00,0.00,0.00,0.00,0.00,429.90,57703.90
2025-10-01,2025,4,10,40,405.50,179.30,59.40,5.90,0.00,0.00,0.00,6.60,0.00,9.20,9.90,675.80,58379.70
2025-10-02,2025,4,10,40,466.50,89.60,11.20,45.20,0.00,0.00,0.00,1.70,0.00,2.80,10.20,627.20,59006.90
2025-10-03,2025,4,10,40,791.60,69.60,24.00,35.50,0.00,0.00,0.00,26.00,0.00,18.30,20.10,985.10,59992.00
2025-10-06,2025,4,10,41,970.00,112.30,60.10,0.00,7.50,3.60,0.00,15.10,6.00,0.00,30.60,1205.20,61197.20
2025-10-07,2025,4,10,41,899.40,0.00,0.00,0.00,0.00,0.00,4.80,0.00,0.00,-28.60,0.00,875.60,62072.80
2025-10-08,2025,4,10,41,426.20,0.00,13.40,0.00,0.00,0.00,0.00,0.00,0.00,0.00,1.10,440.70,62513.50
2025-10-09,2025,4,10,41,255.50,-13.20,6.60,-5.60,0.00,0.00,0.00,0.00,0.00,-45.50,0.00,197.80,62711.30
2025-10-10,2025,4,10,41,74.20,-10.20,-37.40,-6.20,0.00,0.00,0.00,0.00,0.00,-19.20,-5.70,-4.50,62706.80
2025-10-13,2025,4,10,42,60.40,-93.30,-115.60,-21.10,0.00,0.00,0.00,-11.40,0.00,-145.40,0.00,-326.40,62380.40
2025-10-14,2025,4,10,42,-30.80,132.70,8.00,6.80,0.00,0.00,-14.00,0.00,0.00,0.00,0.00,102.70,62483.10
2025-10-15,2025,4,10,42,-10.10,0.00,0.00,0.00,-11.10,0.00,0.00,0.00,0.00,-82.90,0.00,-104.10,62379.00
2025-10-16,2025,4,10,42,-29.50,-132.00,-20.60,-275.20,0.00,0.00,0.00,-6.10,0.00,-45.00,-22.50,-530.90,61848.10
2025-10-17,2025,4,10,42,-268.60,-67.40,0.00,0.00,0.00,0.00,-5.60,0.00,0.00,-25.00,0.00,-366.60,61481.50
2025-10-20,2025,4,10,43,-100.70,9.70,12.10,0.00,9.90,0.00,0.00,21.20,0.00,0.00,7.40,-40.40,61441.10
2025-10-21,2025,4,10,43,210.90,34.10,20.10,162.90,8.90,6.50,2.50,17.40,0.00,0.00,13.90,477.20,61918.30
2025-10-22,2025,4,10,43,73.60,-56.60,-10.00,-53.90,0.00,0.00,2.10,0.00,0.00,-56.60,0.00,-101.40,61816.90
2025-10-23,2025,4,10,43,107.80,7.20,17.40,-55.00,0.00,0.00,0.00,0.00,0.00,-60.50,3.40,20.30,61837.20
2025-10-24,2025,4,10,43,32.70,57.90,0.00,0.00,0.00,0.00,0.00,0.00,0.00,0.00,0.00,90.60,61927.80
2025-10-27,2025,4,10,44,65.30,0.00,0.00,76.40,0.00,0.00,0.00,0.00,0.00,0.00,7.60,149.30,62077.10
2025-10-28,2025,4,10,44,59.60,67.00,0.00,75.80,0.00,0.00,0.00,0.00,0.00,0.00,0.00,202.40,62279.50
2025-10-29,2025,4,10,44,-88.10,-164.40,-6.00,-143.80,0.00,0.00,0.00,0.00,0.00,-65.00,-3.40,-470.70,61808.80
2025-10-30,2025,4,10,44,-290.90,-46.50,-55.10,-65.60,-8.00,0.00,0.00,-3.80,0.00,-10.00,-8.50,-488.40,61320.40
2025-10-31,2025,4,10,44,-149.30,-12.00,-17.90,-19.30,0.00,0.00,0.00,0.00,0.00,6.90,0.00,-191.60,61128.80
2025-11-03,2025,4,11,45,-186.50,0.00,0.00,0.00,0.00,0.00,0.00,0.00,0.00,0.00,0.00,-186.50,60942.30
2025-11-04,2025,4,11,45,0.00,-356.60,-7.10,-128.10,0.00,-8.70,0.00,-17.00,0.00,-48.90,0.00,-566.40,60375.90
2025-11-05,2025,4,11,45,-375.50,113.30,17.00,82.90,0.00,0.00,0.00,3.70,0.00,0.00,21.60,-137.00,60238.90
2025-11-06,2025,4,11,45,112.40,61.60,5.50,60.40,0.00,0.00,0.00,0.00,0.00,0.00,0.00,239.90,60478.80
2025-11-07,2025,4,11,45,-131.40,-256.70,-10.70,-144.20,0.00,0.00,0.00,0.00,0.00,-15.40,0.00,-558.40,59920.40
2025-11-10,2025,4,11,46,0.00,0.00,1.20,0.00,0.00,0.00,0.00,0.00,0.00,0.00,0.00,1.20,59921.60
2025-11-11,2025,4,11,46,224.20,165.90,7.30,102.50,0.00,0.00,0.00,0.00,0.00,0.00,24.10,524.00,60445.60
2025-11-12,2025,4,11,46,-36.90,-132.90,0.00,-85.20,0.00,0.00,0.00,0.00,0.00,-23.10,0.00,-278.10,60167.50
2025-11-13,2025,4,11,46,-256.60,-119.90,-47.00,-15.70,-30.80,-5.70,0.00,-8.30,0.00,-64.50,-318.20,-866.70,59300.80
2025-11-14,2025,4,11,46,-463.10,-2.10,0.00,0.00,0.00,0.00,0.00,0.00,-6.00,-25.10,4.20,-492.10,58808.70
2025-11-17,2025,4,11,47,-145.60,-12.00,-9.50,-29.70,0.00,0.00,0.00,-23.30,0.00,-34.50,0.00,-254.60,58554.10
2025-11-18,2025,4,11,47,-523.20,0.00,0.00,0.00,0.00,10.80,0.00,0.00,0.00,0.00,139.60,-372.80,58181.30
2025-11-19,2025,4,11,47,60.60,-21.40,0.00,0.00,0.00,0.00,0.00,-17.60,0.00,0.00,53.80,75.40,58256.70
2025-11-20,2025,4,11,47,-355.50,-190.40,-21.20,-94.40,0.00,-7.50,0.00,-30.60,0.00,-199.40,-4.20,-903.20,57353.50
2025-11-21,2025,4,11,47,-122.00,108.00,22.80,39.10,35.80,0.00,0.00,8.30,0.00,61.50,84.90,238.40,57591.90
2025-11-24,2025,4,11,48,-149.10,15.50,-5.80,-11.60,0.00,0.00,0.00,0.00,0.00,0.00,0.00,-151.00,57440.90
2025-11-25,2025,4,11,48,83.00,170.80,-12.30,-75.90,0.00,0.00,0.00,-36.90,0.00,0.00,0.00,128.70,57569.60
2025-11-26,2025,4,11,48,42.80,-33.30,0.00,6.00,0.00,0.00,0.00,0.00,0.00,5.60,0.00,21.10,57590.70
2025-11-28,2025,4,11,48,-113.70,77.50,0.00,88.00,0.00,0.00,0.00,0.00,0.00,10.70,8.90,71.40,57662.10
2025-12-01,2025,4,12,49,-65.90,67.00,0.00,7.40,0.00,0.00,0.00,0.00,0.00,0.00,0.00,8.50,57670.60
2025-12-02,2025,4,12,49,120.10,21.90,7.40,-90.90,0.00,0.00,0.00,0.00,0.00,0.00,0.00,58.50,57729.10
2025-12-03,2025,4,12,49,42.20,0.00,0.00,-37.10,0.00,0.00,0.00,0.00,0.00,-19.60,-0.40,-14.90,57714.20
2025-12-04,2025,4,12,49,-113.00,-54.20,-3.00,0.00,0.00,0.00,0.00,-14.30,0.00,-10.10,0.00,-194.60,57519.60
2025-12-05,2025,4,12,49,-32.50,27.30,4.90,42.80,0.00,0.00,0.00,11.40,0.90,0.00,0.00,54.80,57574.40
2025-12-08,2025,4,12,50,28.80,-39.40,0.00,0.00,0.00,0.00,0.00,-5.80,0.00,-44.00,0.00,-60.40,57514.00
2025-12-09,2025,4,12,50,-135.40,198.90,16.20,5.30,6.50,8.10,0.00,0.00,1.00,17.50,33.80,151.90,57665.90
2025-12-10,2025,4,12,50,192.90,30.60,0.00,0.00,0.00,0.00,0.00,0.00,0.00,0.00,0.00,223.50,57889.40
2025-12-11,2025,4,12,50,76.70,-103.60,8.40,-16.40,0.00,0.00,0.00,-19.40,0.00,-12.20,-11.00,-77.50,57811.90
2025-12-12,2025,4,12,50,51.10,-2.00,0.00,0.00,0.00,0.00,0.00,0.00,0.00,0.00,0.00,49.10,57861.00
2025-12-15,2025,4,12,51,0.00,-230.10,-44.30,-34.50,0.00,0.00,0.00,-21.20,0.00,-27.50,0.00,-357.60,57503.40
2025-12-16,2025,4,12,51,-210.70,26.70,-50.90,-16.90,0.00,0.00,0.00,-18.00,0.00,0.00,-7.40,-277.20,57226.20
2025-12-17,2025,4,12,51,111.20,391.50,-8.40,-37.00,0.00,0.00,0.00,0.00,0.00,0.00,0.00,457.30,57683.50
2025-12-18,2025,4,12,51,32.80,-170.30,-11.50,-12.30,0.00,0.00,0.00,0.00,0.00,0.00,0.00,-161.30,57522.20
2025-12-19,2025,4,12,51,-173.60,15.30,0.00,0.00,0.00,0.00,0.00,0.00,0.00,0.00,0.00,-158.30,57363.90
2025-12-22,2025,4,12,52,6.00,-3.80,-35.00,-21.40,0.00,0.00,0.00,-33.60,0.00,-29.00,-25.40,-142.20,57221.70
2025-12-23,2025,4,12,52,-157.30,-15.30,-5.70,0.00,0.00,0.00,0.00,0.00,0.00,-10.30,0.00,-188.60,57033.10
2025-12-24,2025,4,12,52,-91.40,-17.20,-13.30,-9.90,0.00,-5.10,0.00,-8.00,0.00,-24.60,-5.80,-175.30,56857.80
2025-12-26,2025,4,12,52,0.00,-74.40,0.00,0.00,0.00,0.00,0.00,0.00,0.00,-8.90,0.00,-83.30,56774.50
2025-12-29,2025,4,12,53,0.00,0.00,0.00,-6.70,0.00,0.00,0.00,0.00,0.00,0.00,0.00,-6.70,56767.80
2026-01-02,2026,1,1,1,287.40,88.10,41.50,6.70,4.50,13.00,0.00,8.30,0.00,15.40,6.40,471.30,57239.10
2026-01-05,2026,1,1,2,372.50,191.20,38.50,36.00,15.00,13.60,7.20,5.30,0.00,0.00,17.90,697.20,57936.30
2026-01-06,2026,1,1,2,228.70,-312.20,0.00,-29.50,0.00,0.00,0.00,-14.40,0.00,-83.10,-32.70,-243.20,57693.10
2026-01-07,2026,1,1,2,-130.00,-247.60,-39.00,-42.30,0.00,0.00,0.00,-11.60,0.00,-15.60,0.00,-486.10,57207.00
2026-01-08,2026,1,1,2,-193.30,-120.50,3.00,-9.60,0.00,0.00,0.00,0.00,1.90,-73.10,-7.20,-398.80,56808.20
2026-01-09,2026,1,1,2,-252.00,7.90,-5.90,0.00,0.00,0.00,0.00,0.00,0.00,0.00,0.00,-250.00,56558.20
2026-01-12,2026,1,1,3,-70.70,111.70,0.00,0.00,0.00,0.00,0.00,6.50,0.00,64.30,4.90,116.70,56674.90
2026-01-13,2026,1,1,3,126.30,351.40,159.40,84.90,0.00,0.00,0.00,10.00,3.00,0.00,18.80,753.80,57428.70
2026-01-14,2026,1,1,3,648.40,125.40,10.60,27.00,0.00,5.60,0.00,8.30,0.00,15.30,0.00,840.60,58269.30
2026-01-15,2026,1,1,3,315.80,-188.90,0.00,0.00,0.00,0.00,3.00,0.00,0.00,-36.40,6.70,100.20,58369.50
2026-01-16,2026,1,1,3,15.10,-205.20,-90.40,-69.40,0.00,0.00,0.00,0.00,0.00,-44.80,0.00,-394.70,57974.80
2026-01-20,2026,1,1,4,-56.90,-152.10,-40.40,-46.40,0.00,-10.40,0.00,-12.70,0.00,-160.80,0.00,-479.70,57495.10
2026-01-21,2026,1,1,4,-356.60,-287.70,-25.90,-29.80,0.00,0.00,-3.80,6.40,0.00,-11.30,0.00,-708.70,56786.40
2026-01-22,2026,1,1,4,-22.40,-9.80,0.00,0.00,0.00,0.00,0.00,0.00,0.00,0.00,0.00,-32.20,56754.20
2026-01-23,2026,1,1,4,-101.60,-1.90,0.00,0.00,0.00,0.00,0.00,0.00,0.00,0.00,0.00,-103.50,56650.70
2026-01-26,2026,1,1,5,15.90,-5.70,-11.00,-2.90,0.00,0.00,0.00,0.00,2.80,0.00,7.70,6.80,56657.50
2026-01-27,2026,1,1,5,-102.80,-44.60,0.00,0.00,0.00,0.00,0.00,0.00,0.00,0.00,0.00,-147.40,56510.10
2026-01-28,2026,1,1,5,-14.20,19.50,-12.60,-12.30,0.00,0.00,0.00,0.00,0.00,0.00,0.00,-19.60,56490.50
2026-01-29,2026,1,1,5,-317.80,-168.00,-88.90,-71.60,-8.40,0.00,0.00,-6.50,0.00,-119.40,-37.20,-817.80,55672.70
2026-01-30,2026,1,1,5,-528.30,7.30,0.00,8.30,0.00,0.00,0.00,3.00,0.00,0.00,0.00,-509.70,55163.00
2026-02-02,2026,1,2,6,142.00,153.30,96.50,65.10,10.10,0.00,0.00,24.30,3.30,0.00,67.20,561.80,55724.80
2026-02-03,2026,1,2,6,60.00,-148.70,-23.40,-62.50,0.00,-2.20,0.00,-4.80,0.00,-56.60,-33.80,-272.00,55452.80
2026-02-04,2026,1,2,6,-373.40,-86.40,0.00,-31.70,0.00,-6.40,0.00,-5.20,0.00,-41.80,0.00,-544.90,54907.90